创建为新数据集,样品 738 用户 Administrator 日期 星期四, 七月 25 2019
cm-1,%T
10000.00,1.50
9999.00,1.52
9998.00,1.53
9997.00,1.55
9996.00,1.56
9995.00,1.57
9994.00,1.59
9993.00,1.60
9992.00,1.60
9991.00,1.61
9990.00,1.62
9989.00,1.62
9988.00,1.63
9987.00,1.63
9986.00,1.63
9985.00,1.64
9984.00,1.64
9983.00,1.64
9982.00,1.64
9981.00,1.64
9980.00,1.64
9979.00,1.63
9978.00,1.63
9977.00,1.63
9976.00,1.63
9975.00,1.63
9974.00,1.63
9973.00,1.62
9972.00,1.62
9971.00,1.62
9970.00,1.61
9969.00,1.61
9968.00,1.60
9967.00,1.60
9966.00,1.59
9965.00,1.59
9964.00,1.58
9963.00,1.57
9962.00,1.57
9961.00,1.56
9960.00,1.56
9959.00,1.56
9958.00,1.55
9957.00,1.55
9956.00,1.55
9955.00,1.55
9954.00,1.54
9953.00,1.54
9952.00,1.54
9951.00,1.54
9950.00,1.54
9949.00,1.54
9948.00,1.54
9947.00,1.53
9946.00,1.53
9945.00,1.53
9944.00,1.52
9943.00,1.52
9942.00,1.51
9941.00,1.50
9940.00,1.49
9939.00,1.48
9938.00,1.47
9937.00,1.46
9936.00,1.45
9935.00,1.44
9934.00,1.43
9933.00,1.41
9932.00,1.40
9931.00,1.39
9930.00,1.38
9929.00,1.37
9928.00,1.36
9927.00,1.35
9926.00,1.34
9925.00,1.33
9924.00,1.32
9923.00,1.32
9922.00,1.31
9921.00,1.30
9920.00,1.30
9919.00,1.29
9918.00,1.28
9917.00,1.28
9916.00,1.27
9915.00,1.27
9914.00,1.26
9913.00,1.26
9912.00,1.26
9911.00,1.26
9910.00,1.26
9909.00,1.27
9908.00,1.27
9907.00,1.27
9906.00,1.28
9905.00,1.28
9904.00,1.29
9903.00,1.29
9902.00,1.29
9901.00,1.30
9900.00,1.30
9899.00,1.30
9898.00,1.30
9897.00,1.30
9896.00,1.30
9895.00,1.29
9894.00,1.29
9893.00,1.28
9892.00,1.28
9891.00,1.27
9890.00,1.27
9889.00,1.26
9888.00,1.26
9887.00,1.26
9886.00,1.26
9885.00,1.26
9884.00,1.27
9883.00,1.27
9882.00,1.28
9881.00,1.29
9880.00,1.30
9879.00,1.31
9878.00,1.32
9877.00,1.33
9876.00,1.34
9875.00,1.35
9874.00,1.36
9873.00,1.37
9872.00,1.38
9871.00,1.39
9870.00,1.40
9869.00,1.41
9868.00,1.42
9867.00,1.43
9866.00,1.44
9865.00,1.45
9864.00,1.45
9863.00,1.46
9862.00,1.47
9861.00,1.48
9860.00,1.48
9859.00,1.49
9858.00,1.50
9857.00,1.50
9856.00,1.51
9855.00,1.51
9854.00,1.52
9853.00,1.52
9852.00,1.52
9851.00,1.52
9850.00,1.52
9849.00,1.52
9848.00,1.52
9847.00,1.51
9846.00,1.51
9845.00,1.50
9844.00,1.49
9843.00,1.49
9842.00,1.48
9841.00,1.48
9840.00,1.47
9839.00,1.46
9838.00,1.46
9837.00,1.45
9836.00,1.45
9835.00,1.44
9834.00,1.44
9833.00,1.43
9832.00,1.43
9831.00,1.42
9830.00,1.42
9829.00,1.42
9828.00,1.42
9827.00,1.42
9826.00,1.42
9825.00,1.42
9824.00,1.42
9823.00,1.42
9822.00,1.42
9821.00,1.42
9820.00,1.42
9819.00,1.41
9818.00,1.41
9817.00,1.40
9816.00,1.40
9815.00,1.39
9814.00,1.39
9813.00,1.38
9812.00,1.38
9811.00,1.37
9810.00,1.36
9809.00,1.35
9808.00,1.34
9807.00,1.34
9806.00,1.33
9805.00,1.32
9804.00,1.32
9803.00,1.32
9802.00,1.32
9801.00,1.32
9800.00,1.32
9799.00,1.33
9798.00,1.33
9797.00,1.34
9796.00,1.34
9795.00,1.35
9794.00,1.35
9793.00,1.35
9792.00,1.36
9791.00,1.36
9790.00,1.36
9789.00,1.36
9788.00,1.35
9787.00,1.35
9786.00,1.34
9785.00,1.33
9784.00,1.32
9783.00,1.31
9782.00,1.30
9781.00,1.29
9780.00,1.28
9779.00,1.27
9778.00,1.27
9777.00,1.26
9776.00,1.25
9775.00,1.25
9774.00,1.25
9773.00,1.24
9772.00,1.24
9771.00,1.24
9770.00,1.25
9769.00,1.25
9768.00,1.25
9767.00,1.26
9766.00,1.26
9765.00,1.27
9764.00,1.27
9763.00,1.27
9762.00,1.27
9761.00,1.27
9760.00,1.27
9759.00,1.26
9758.00,1.26
9757.00,1.26
9756.00,1.25
9755.00,1.25
9754.00,1.25
9753.00,1.25
9752.00,1.25
9751.00,1.25
9750.00,1.25
9749.00,1.25
9748.00,1.25
9747.00,1.25
9746.00,1.26
9745.00,1.26
9744.00,1.26
9743.00,1.27
9742.00,1.28
9741.00,1.29
9740.00,1.30
9739.00,1.31
9738.00,1.32
9737.00,1.33
9736.00,1.34
9735.00,1.35
9734.00,1.36
9733.00,1.37
9732.00,1.39
9731.00,1.40
9730.00,1.41
9729.00,1.42
9728.00,1.44
9727.00,1.45
9726.00,1.46
9725.00,1.48
9724.00,1.49
9723.00,1.50
9722.00,1.52
9721.00,1.53
9720.00,1.54
9719.00,1.55
9718.00,1.56
9717.00,1.57
9716.00,1.58
9715.00,1.59
9714.00,1.60
9713.00,1.60
9712.00,1.61
9711.00,1.61
9710.00,1.61
9709.00,1.61
9708.00,1.61
9707.00,1.61
9706.00,1.60
9705.00,1.60
9704.00,1.59
9703.00,1.59
9702.00,1.58
9701.00,1.58
9700.00,1.58
9699.00,1.57
9698.00,1.57
9697.00,1.57
9696.00,1.57
9695.00,1.57
9694.00,1.57
9693.00,1.57
9692.00,1.57
9691.00,1.57
9690.00,1.57
9689.00,1.57
9688.00,1.57
9687.00,1.57
9686.00,1.56
9685.00,1.56
9684.00,1.55
9683.00,1.54
9682.00,1.53
9681.00,1.52
9680.00,1.51
9679.00,1.50
9678.00,1.49
9677.00,1.48
9676.00,1.47
9675.00,1.46
9674.00,1.44
9673.00,1.43
9672.00,1.42
9671.00,1.42
9670.00,1.41
9669.00,1.41
9668.00,1.41
9667.00,1.41
9666.00,1.41
9665.00,1.42
9664.00,1.42
9663.00,1.43
9662.00,1.44
9661.00,1.45
9660.00,1.46
9659.00,1.47
9658.00,1.49
9657.00,1.50
9656.00,1.51
9655.00,1.52
9654.00,1.53
9653.00,1.53
9652.00,1.54
9651.00,1.54
9650.00,1.54
9649.00,1.53
9648.00,1.52
9647.00,1.51
9646.00,1.50
9645.00,1.48
9644.00,1.47
9643.00,1.45
9642.00,1.43
9641.00,1.41
9640.00,1.39
9639.00,1.37
9638.00,1.35
9637.00,1.34
9636.00,1.32
9635.00,1.31
9634.00,1.30
9633.00,1.29
9632.00,1.28
9631.00,1.28
9630.00,1.28
9629.00,1.28
9628.00,1.29
9627.00,1.30
9626.00,1.31
9625.00,1.32
9624.00,1.33
9623.00,1.34
9622.00,1.35
9621.00,1.36
9620.00,1.37
9619.00,1.38
9618.00,1.39
9617.00,1.40
9616.00,1.40
9615.00,1.41
9614.00,1.41
9613.00,1.42
9612.00,1.42
9611.00,1.41
9610.00,1.41
9609.00,1.40
9608.00,1.39
9607.00,1.38
9606.00,1.37
9605.00,1.36
9604.00,1.35
9603.00,1.34
9602.00,1.33
9601.00,1.32
9600.00,1.31
9599.00,1.31
9598.00,1.30
9597.00,1.30
9596.00,1.29
9595.00,1.29
9594.00,1.30
9593.00,1.30
9592.00,1.31
9591.00,1.32
9590.00,1.33
9589.00,1.34
9588.00,1.36
9587.00,1.37
9586.00,1.39
9585.00,1.40
9584.00,1.42
9583.00,1.43
9582.00,1.44
9581.00,1.45
9580.00,1.46
9579.00,1.47
9578.00,1.48
9577.00,1.48
9576.00,1.48
9575.00,1.48
9574.00,1.48
9573.00,1.47
9572.00,1.47
9571.00,1.46
9570.00,1.45
9569.00,1.45
9568.00,1.44
9567.00,1.43
9566.00,1.42
9565.00,1.42
9564.00,1.41
9563.00,1.41
9562.00,1.40
9561.00,1.40
9560.00,1.40
9559.00,1.40
9558.00,1.40
9557.00,1.40
9556.00,1.40
9555.00,1.41
9554.00,1.41
9553.00,1.42
9552.00,1.42
9551.00,1.42
9550.00,1.42
9549.00,1.42
9548.00,1.42
9547.00,1.42
9546.00,1.42
9545.00,1.42
9544.00,1.42
9543.00,1.41
9542.00,1.41
9541.00,1.40
9540.00,1.40
9539.00,1.39
9538.00,1.38
9537.00,1.38
9536.00,1.37
9535.00,1.37
9534.00,1.37
9533.00,1.37
9532.00,1.37
9531.00,1.37
9530.00,1.37
9529.00,1.37
9528.00,1.37
9527.00,1.37
9526.00,1.37
9525.00,1.38
9524.00,1.38
9523.00,1.38
9522.00,1.39
9521.00,1.40
9520.00,1.40
9519.00,1.41
9518.00,1.41
9517.00,1.42
9516.00,1.43
9515.00,1.44
9514.00,1.45
9513.00,1.46
9512.00,1.47
9511.00,1.48
9510.00,1.49
9509.00,1.50
9508.00,1.50
9507.00,1.51
9506.00,1.52
9505.00,1.52
9504.00,1.52
9503.00,1.52
9502.00,1.52
9501.00,1.51
9500.00,1.51
9499.00,1.50
9498.00,1.49
9497.00,1.48
9496.00,1.47
9495.00,1.46
9494.00,1.45
9493.00,1.44
9492.00,1.42
9491.00,1.41
9490.00,1.40
9489.00,1.39
9488.00,1.38
9487.00,1.38
9486.00,1.37
9485.00,1.36
9484.00,1.36
9483.00,1.35
9482.00,1.35
9481.00,1.34
9480.00,1.34
9479.00,1.34
9478.00,1.33
9477.00,1.33
9476.00,1.33
9475.00,1.33
9474.00,1.32
9473.00,1.32
9472.00,1.32
9471.00,1.32
9470.00,1.31
9469.00,1.31
9468.00,1.31
9467.00,1.31
9466.00,1.31
9465.00,1.31
9464.00,1.32
9463.00,1.32
9462.00,1.32
9461.00,1.33
9460.00,1.33
9459.00,1.34
9458.00,1.34
9457.00,1.35
9456.00,1.36
9455.00,1.37
9454.00,1.37
9453.00,1.38
9452.00,1.39
9451.00,1.40
9450.00,1.41
9449.00,1.41
9448.00,1.42
9447.00,1.43
9446.00,1.44
9445.00,1.44
9444.00,1.45
9443.00,1.46
9442.00,1.47
9441.00,1.48
9440.00,1.48
9439.00,1.49
9438.00,1.50
9437.00,1.50
9436.00,1.51
9435.00,1.51
9434.00,1.51
9433.00,1.51
9432.00,1.51
9431.00,1.51
9430.00,1.51
9429.00,1.50
9428.00,1.49
9427.00,1.49
9426.00,1.48
9425.00,1.47
9424.00,1.46
9423.00,1.45
9422.00,1.44
9421.00,1.43
9420.00,1.43
9419.00,1.42
9418.00,1.42
9417.00,1.42
9416.00,1.43
9415.00,1.43
9414.00,1.44
9413.00,1.45
9412.00,1.46
9411.00,1.47
9410.00,1.48
9409.00,1.49
9408.00,1.50
9407.00,1.52
9406.00,1.53
9405.00,1.54
9404.00,1.54
9403.00,1.55
9402.00,1.55
9401.00,1.56
9400.00,1.56
9399.00,1.55
9398.00,1.55
9397.00,1.54
9396.00,1.53
9395.00,1.51
9394.00,1.50
9393.00,1.48
9392.00,1.46
9391.00,1.44
9390.00,1.42
9389.00,1.40
9388.00,1.38
9387.00,1.36
9386.00,1.33
9385.00,1.31
9384.00,1.29
9383.00,1.27
9382.00,1.26
9381.00,1.24
9380.00,1.23
9379.00,1.22
9378.00,1.22
9377.00,1.22
9376.00,1.22
9375.00,1.22
9374.00,1.23
9373.00,1.23
9372.00,1.24
9371.00,1.26
9370.00,1.27
9369.00,1.28
9368.00,1.30
9367.00,1.31
9366.00,1.33
9365.00,1.34
9364.00,1.36
9363.00,1.37
9362.00,1.38
9361.00,1.39
9360.00,1.40
9359.00,1.41
9358.00,1.42
9357.00,1.42
9356.00,1.42
9355.00,1.42
9354.00,1.42
9353.00,1.42
9352.00,1.42
9351.00,1.41
9350.00,1.41
9349.00,1.40
9348.00,1.40
9347.00,1.39
9346.00,1.39
9345.00,1.39
9344.00,1.38
9343.00,1.38
9342.00,1.38
9341.00,1.38
9340.00,1.38
9339.00,1.39
9338.00,1.39
9337.00,1.40
9336.00,1.40
9335.00,1.41
9334.00,1.42
9333.00,1.43
9332.00,1.44
9331.00,1.46
9330.00,1.47
9329.00,1.49
9328.00,1.50
9327.00,1.51
9326.00,1.53
9325.00,1.54
9324.00,1.55
9323.00,1.56
9322.00,1.57
9321.00,1.57
9320.00,1.58
9319.00,1.58
9318.00,1.58
9317.00,1.58
9316.00,1.58
9315.00,1.58
9314.00,1.57
9313.00,1.57
9312.00,1.57
9311.00,1.56
9310.00,1.55
9309.00,1.55
9308.00,1.54
9307.00,1.54
9306.00,1.54
9305.00,1.53
9304.00,1.53
9303.00,1.53
9302.00,1.52
9301.00,1.52
9300.00,1.52
9299.00,1.52
9298.00,1.52
9297.00,1.51
9296.00,1.51
9295.00,1.50
9294.00,1.50
9293.00,1.49
9292.00,1.48
9291.00,1.48
9290.00,1.47
9289.00,1.46
9288.00,1.45
9287.00,1.45
9286.00,1.44
9285.00,1.44
9284.00,1.44
9283.00,1.44
9282.00,1.44
9281.00,1.44
9280.00,1.45
9279.00,1.46
9278.00,1.48
9277.00,1.49
9276.00,1.51
9275.00,1.53
9274.00,1.55
9273.00,1.57
9272.00,1.59
9271.00,1.61
9270.00,1.63
9269.00,1.64
9268.00,1.65
9267.00,1.66
9266.00,1.67
9265.00,1.67
9264.00,1.67
9263.00,1.66
9262.00,1.65
9261.00,1.64
9260.00,1.62
9259.00,1.61
9258.00,1.59
9257.00,1.57
9256.00,1.55
9255.00,1.53
9254.00,1.51
9253.00,1.50
9252.00,1.48
9251.00,1.47
9250.00,1.46
9249.00,1.46
9248.00,1.45
9247.00,1.45
9246.00,1.45
9245.00,1.46
9244.00,1.46
9243.00,1.47
9242.00,1.48
9241.00,1.49
9240.00,1.51
9239.00,1.52
9238.00,1.53
9237.00,1.53
9236.00,1.54
9235.00,1.55
9234.00,1.55
9233.00,1.56
9232.00,1.56
9231.00,1.57
9230.00,1.57
9229.00,1.57
9228.00,1.57
9227.00,1.56
9226.00,1.56
9225.00,1.55
9224.00,1.55
9223.00,1.54
9222.00,1.53
9221.00,1.52
9220.00,1.51
9219.00,1.50
9218.00,1.50
9217.00,1.49
9216.00,1.48
9215.00,1.47
9214.00,1.46
9213.00,1.45
9212.00,1.43
9211.00,1.42
9210.00,1.41
9209.00,1.40
9208.00,1.39
9207.00,1.38
9206.00,1.38
9205.00,1.37
9204.00,1.37
9203.00,1.36
9202.00,1.36
9201.00,1.36
9200.00,1.36
9199.00,1.36
9198.00,1.36
9197.00,1.36
9196.00,1.36
9195.00,1.37
9194.00,1.38
9193.00,1.39
9192.00,1.40
9191.00,1.41
9190.00,1.42
9189.00,1.42
9188.00,1.43
9187.00,1.44
9186.00,1.45
9185.00,1.45
9184.00,1.46
9183.00,1.46
9182.00,1.47
9181.00,1.47
9180.00,1.47
9179.00,1.47
9178.00,1.47
9177.00,1.47
9176.00,1.46
9175.00,1.46
9174.00,1.45
9173.00,1.45
9172.00,1.44
9171.00,1.44
9170.00,1.43
9169.00,1.43
9168.00,1.43
9167.00,1.43
9166.00,1.42
9165.00,1.42
9164.00,1.42
9163.00,1.42
9162.00,1.42
9161.00,1.41
9160.00,1.41
9159.00,1.41
9158.00,1.41
9157.00,1.41
9156.00,1.41
9155.00,1.41
9154.00,1.41
9153.00,1.41
9152.00,1.40
9151.00,1.40
9150.00,1.40
9149.00,1.39
9148.00,1.39
9147.00,1.38
9146.00,1.38
9145.00,1.37
9144.00,1.37
9143.00,1.37
9142.00,1.36
9141.00,1.36
9140.00,1.35
9139.00,1.35
9138.00,1.35
9137.00,1.35
9136.00,1.35
9135.00,1.35
9134.00,1.35
9133.00,1.36
9132.00,1.36
9131.00,1.37
9130.00,1.37
9129.00,1.38
9128.00,1.38
9127.00,1.39
9126.00,1.39
9125.00,1.39
9124.00,1.39
9123.00,1.39
9122.00,1.39
9121.00,1.39
9120.00,1.39
9119.00,1.39
9118.00,1.39
9117.00,1.39
9116.00,1.39
9115.00,1.39
9114.00,1.39
9113.00,1.39
9112.00,1.40
9111.00,1.40
9110.00,1.41
9109.00,1.42
9108.00,1.42
9107.00,1.43
9106.00,1.44
9105.00,1.45
9104.00,1.46
9103.00,1.47
9102.00,1.49
9101.00,1.50
9100.00,1.50
9099.00,1.51
9098.00,1.52
9097.00,1.53
9096.00,1.54
9095.00,1.55
9094.00,1.55
9093.00,1.56
9092.00,1.56
9091.00,1.57
9090.00,1.57
9089.00,1.57
9088.00,1.57
9087.00,1.57
9086.00,1.56
9085.00,1.56
9084.00,1.56
9083.00,1.55
9082.00,1.55
9081.00,1.54
9080.00,1.54
9079.00,1.53
9078.00,1.52
9077.00,1.52
9076.00,1.52
9075.00,1.51
9074.00,1.51
9073.00,1.51
9072.00,1.51
9071.00,1.52
9070.00,1.52
9069.00,1.52
9068.00,1.52
9067.00,1.53
9066.00,1.53
9065.00,1.54
9064.00,1.54
9063.00,1.55
9062.00,1.55
9061.00,1.55
9060.00,1.56
9059.00,1.56
9058.00,1.56
9057.00,1.56
9056.00,1.57
9055.00,1.57
9054.00,1.56
9053.00,1.56
9052.00,1.56
9051.00,1.56
9050.00,1.56
9049.00,1.56
9048.00,1.56
9047.00,1.55
9046.00,1.55
9045.00,1.55
9044.00,1.55
9043.00,1.55
9042.00,1.55
9041.00,1.55
9040.00,1.55
9039.00,1.55
9038.00,1.55
9037.00,1.55
9036.00,1.55
9035.00,1.55
9034.00,1.55
9033.00,1.55
9032.00,1.55
9031.00,1.54
9030.00,1.54
9029.00,1.54
9028.00,1.54
9027.00,1.53
9026.00,1.53
9025.00,1.53
9024.00,1.52
9023.00,1.51
9022.00,1.51
9021.00,1.51
9020.00,1.50
9019.00,1.50
9018.00,1.50
9017.00,1.50
9016.00,1.50
9015.00,1.50
9014.00,1.51
9013.00,1.51
9012.00,1.51
9011.00,1.52
9010.00,1.52
9009.00,1.53
9008.00,1.53
9007.00,1.53
9006.00,1.53
9005.00,1.54
9004.00,1.54
9003.00,1.54
9002.00,1.53
9001.00,1.53
9000.00,1.53
8999.00,1.53
8998.00,1.52
8997.00,1.52
8996.00,1.51
8995.00,1.51
8994.00,1.51
8993.00,1.50
8992.00,1.50
8991.00,1.50
8990.00,1.49
8989.00,1.49
8988.00,1.49
8987.00,1.49
8986.00,1.49
8985.00,1.48
8984.00,1.48
8983.00,1.48
8982.00,1.48
8981.00,1.47
8980.00,1.47
8979.00,1.47
8978.00,1.47
8977.00,1.46
8976.00,1.46
8975.00,1.46
8974.00,1.46
8973.00,1.45
8972.00,1.45
8971.00,1.45
8970.00,1.46
8969.00,1.46
8968.00,1.46
8967.00,1.47
8966.00,1.47
8965.00,1.48
8964.00,1.48
8963.00,1.49
8962.00,1.50
8961.00,1.50
8960.00,1.51
8959.00,1.51
8958.00,1.52
8957.00,1.52
8956.00,1.53
8955.00,1.53
8954.00,1.54
8953.00,1.54
8952.00,1.54
8951.00,1.55
8950.00,1.55
8949.00,1.55
8948.00,1.55
8947.00,1.55
8946.00,1.55
8945.00,1.55
8944.00,1.54
8943.00,1.54
8942.00,1.53
8941.00,1.53
8940.00,1.52
8939.00,1.51
8938.00,1.50
8937.00,1.49
8936.00,1.48
8935.00,1.47
8934.00,1.47
8933.00,1.46
8932.00,1.45
8931.00,1.44
8930.00,1.44
8929.00,1.44
8928.00,1.44
8927.00,1.44
8926.00,1.44
8925.00,1.44
8924.00,1.45
8923.00,1.45
8922.00,1.46
8921.00,1.47
8920.00,1.47
8919.00,1.48
8918.00,1.49
8917.00,1.50
8916.00,1.50
8915.00,1.51
8914.00,1.51
8913.00,1.51
8912.00,1.51
8911.00,1.51
8910.00,1.51
8909.00,1.51
8908.00,1.50
8907.00,1.50
8906.00,1.49
8905.00,1.48
8904.00,1.48
8903.00,1.47
8902.00,1.46
8901.00,1.45
8900.00,1.45
8899.00,1.44
8898.00,1.43
8897.00,1.42
8896.00,1.42
8895.00,1.41
8894.00,1.41
8893.00,1.40
8892.00,1.40
8891.00,1.40
8890.00,1.40
8889.00,1.40
8888.00,1.40
8887.00,1.40
8886.00,1.40
8885.00,1.40
8884.00,1.40
8883.00,1.40
8882.00,1.40
8881.00,1.40
8880.00,1.41
8879.00,1.41
8878.00,1.41
8877.00,1.41
8876.00,1.41
8875.00,1.41
8874.00,1.41
8873.00,1.41
8872.00,1.41
8871.00,1.41
8870.00,1.41
8869.00,1.41
8868.00,1.41
8867.00,1.41
8866.00,1.41
8865.00,1.41
8864.00,1.41
8863.00,1.41
8862.00,1.41
8861.00,1.41
8860.00,1.41
8859.00,1.41
8858.00,1.41
8857.00,1.41
8856.00,1.41
8855.00,1.41
8854.00,1.41
8853.00,1.41
8852.00,1.41
8851.00,1.41
8850.00,1.41
8849.00,1.42
8848.00,1.42
8847.00,1.42
8846.00,1.43
8845.00,1.43
8844.00,1.44
8843.00,1.45
8842.00,1.45
8841.00,1.46
8840.00,1.46
8839.00,1.47
8838.00,1.48
8837.00,1.48
8836.00,1.48
8835.00,1.49
8834.00,1.49
8833.00,1.49
8832.00,1.49
8831.00,1.49
8830.00,1.49
8829.00,1.49
8828.00,1.48
8827.00,1.48
8826.00,1.48
8825.00,1.47
8824.00,1.47
8823.00,1.47
8822.00,1.46
8821.00,1.46
8820.00,1.46
8819.00,1.45
8818.00,1.45
8817.00,1.45
8816.00,1.45
8815.00,1.45
8814.00,1.45
8813.00,1.45
8812.00,1.45
8811.00,1.45
8810.00,1.45
8809.00,1.45
8808.00,1.45
8807.00,1.45
8806.00,1.45
8805.00,1.45
8804.00,1.46
8803.00,1.46
8802.00,1.46
8801.00,1.47
8800.00,1.48
8799.00,1.49
8798.00,1.49
8797.00,1.50
8796.00,1.51
8795.00,1.52
8794.00,1.53
8793.00,1.54
8792.00,1.54
8791.00,1.55
8790.00,1.56
8789.00,1.57
8788.00,1.57
8787.00,1.58
8786.00,1.58
8785.00,1.58
8784.00,1.58
8783.00,1.58
8782.00,1.58
8781.00,1.58
8780.00,1.58
8779.00,1.57
8778.00,1.57
8777.00,1.56
8776.00,1.56
8775.00,1.55
8774.00,1.55
8773.00,1.54
8772.00,1.53
8771.00,1.52
8770.00,1.51
8769.00,1.50
8768.00,1.49
8767.00,1.48
8766.00,1.46
8765.00,1.45
8764.00,1.44
8763.00,1.42
8762.00,1.41
8761.00,1.40
8760.00,1.39
8759.00,1.38
8758.00,1.37
8757.00,1.36
8756.00,1.36
8755.00,1.35
8754.00,1.35
8753.00,1.35
8752.00,1.36
8751.00,1.36
8750.00,1.36
8749.00,1.37
8748.00,1.38
8747.00,1.38
8746.00,1.38
8745.00,1.39
8744.00,1.39
8743.00,1.39
8742.00,1.40
8741.00,1.40
8740.00,1.40
8739.00,1.40
8738.00,1.40
8737.00,1.40
8736.00,1.40
8735.00,1.41
8734.00,1.41
8733.00,1.41
8732.00,1.42
8731.00,1.42
8730.00,1.43
8729.00,1.43
8728.00,1.44
8727.00,1.44
8726.00,1.45
8725.00,1.46
8724.00,1.46
8723.00,1.47
8722.00,1.47
8721.00,1.47
8720.00,1.47
8719.00,1.47
8718.00,1.47
8717.00,1.47
8716.00,1.47
8715.00,1.46
8714.00,1.46
8713.00,1.46
8712.00,1.45
8711.00,1.45
8710.00,1.45
8709.00,1.45
8708.00,1.45
8707.00,1.44
8706.00,1.45
8705.00,1.45
8704.00,1.45
8703.00,1.46
8702.00,1.46
8701.00,1.47
8700.00,1.47
8699.00,1.48
8698.00,1.48
8697.00,1.48
8696.00,1.48
8695.00,1.48
8694.00,1.49
8693.00,1.49
8692.00,1.49
8691.00,1.49
8690.00,1.49
8689.00,1.49
8688.00,1.49
8687.00,1.49
8686.00,1.49
8685.00,1.49
8684.00,1.49
8683.00,1.49
8682.00,1.49
8681.00,1.49
8680.00,1.49
8679.00,1.49
8678.00,1.49
8677.00,1.49
8676.00,1.48
8675.00,1.48
8674.00,1.47
8673.00,1.47
8672.00,1.46
8671.00,1.45
8670.00,1.44
8669.00,1.43
8668.00,1.42
8667.00,1.41
8666.00,1.40
8665.00,1.39
8664.00,1.38
8663.00,1.37
8662.00,1.37
8661.00,1.36
8660.00,1.36
8659.00,1.36
8658.00,1.36
8657.00,1.36
8656.00,1.36
8655.00,1.36
8654.00,1.37
8653.00,1.37
8652.00,1.38
8651.00,1.38
8650.00,1.39
8649.00,1.40
8648.00,1.40
8647.00,1.41
8646.00,1.41
8645.00,1.42
8644.00,1.42
8643.00,1.43
8642.00,1.44
8641.00,1.44
8640.00,1.45
8639.00,1.46
8638.00,1.46
8637.00,1.47
8636.00,1.47
8635.00,1.48
8634.00,1.48
8633.00,1.49
8632.00,1.49
8631.00,1.49
8630.00,1.49
8629.00,1.50
8628.00,1.50
8627.00,1.50
8626.00,1.50
8625.00,1.49
8624.00,1.49
8623.00,1.49
8622.00,1.48
8621.00,1.48
8620.00,1.48
8619.00,1.47
8618.00,1.47
8617.00,1.47
8616.00,1.46
8615.00,1.46
8614.00,1.46
8613.00,1.46
8612.00,1.46
8611.00,1.46
8610.00,1.46
8609.00,1.46
8608.00,1.46
8607.00,1.46
8606.00,1.47
8605.00,1.47
8604.00,1.47
8603.00,1.47
8602.00,1.47
8601.00,1.47
8600.00,1.47
8599.00,1.48
8598.00,1.48
8597.00,1.48
8596.00,1.48
8595.00,1.47
8594.00,1.47
8593.00,1.47
8592.00,1.47
8591.00,1.47
8590.00,1.47
8589.00,1.47
8588.00,1.47
8587.00,1.47
8586.00,1.47
8585.00,1.48
8584.00,1.48
8583.00,1.48
8582.00,1.48
8581.00,1.48
8580.00,1.48
8579.00,1.48
8578.00,1.48
8577.00,1.49
8576.00,1.49
8575.00,1.49
8574.00,1.49
8573.00,1.48
8572.00,1.48
8571.00,1.48
8570.00,1.48
8569.00,1.48
8568.00,1.48
8567.00,1.47
8566.00,1.47
8565.00,1.47
8564.00,1.47
8563.00,1.47
8562.00,1.47
8561.00,1.47
8560.00,1.48
8559.00,1.48
8558.00,1.48
8557.00,1.48
8556.00,1.49
8555.00,1.49
8554.00,1.50
8553.00,1.50
8552.00,1.50
8551.00,1.51
8550.00,1.51
8549.00,1.52
8548.00,1.52
8547.00,1.53
8546.00,1.53
8545.00,1.53
8544.00,1.53
8543.00,1.53
8542.00,1.54
8541.00,1.53
8540.00,1.53
8539.00,1.53
8538.00,1.53
8537.00,1.53
8536.00,1.53
8535.00,1.53
8534.00,1.52
8533.00,1.52
8532.00,1.51
8531.00,1.51
8530.00,1.50
8529.00,1.49
8528.00,1.49
8527.00,1.48
8526.00,1.47
8525.00,1.47
8524.00,1.46
8523.00,1.46
8522.00,1.45
8521.00,1.45
8520.00,1.44
8519.00,1.44
8518.00,1.43
8517.00,1.43
8516.00,1.43
8515.00,1.43
8514.00,1.43
8513.00,1.43
8512.00,1.43
8511.00,1.43
8510.00,1.43
8509.00,1.43
8508.00,1.43
8507.00,1.44
8506.00,1.44
8505.00,1.44
8504.00,1.45
8503.00,1.45
8502.00,1.45
8501.00,1.46
8500.00,1.46
8499.00,1.46
8498.00,1.47
8497.00,1.47
8496.00,1.47
8495.00,1.48
8494.00,1.48
8493.00,1.49
8492.00,1.49
8491.00,1.49
8490.00,1.50
8489.00,1.50
8488.00,1.51
8487.00,1.51
8486.00,1.51
8485.00,1.52
8484.00,1.52
8483.00,1.52
8482.00,1.53
8481.00,1.53
8480.00,1.53
8479.00,1.53
8478.00,1.53
8477.00,1.53
8476.00,1.52
8475.00,1.52
8474.00,1.52
8473.00,1.51
8472.00,1.50
8471.00,1.50
8470.00,1.49
8469.00,1.48
8468.00,1.47
8467.00,1.47
8466.00,1.46
8465.00,1.45
8464.00,1.45
8463.00,1.44
8462.00,1.44
8461.00,1.43
8460.00,1.43
8459.00,1.43
8458.00,1.43
8457.00,1.43
8456.00,1.43
8455.00,1.43
8454.00,1.44
8453.00,1.44
8452.00,1.45
8451.00,1.46
8450.00,1.46
8449.00,1.47
8448.00,1.47
8447.00,1.48
8446.00,1.49
8445.00,1.49
8444.00,1.50
8443.00,1.50
8442.00,1.51
8441.00,1.51
8440.00,1.51
8439.00,1.51
8438.00,1.51
8437.00,1.51
8436.00,1.51
8435.00,1.51
8434.00,1.51
8433.00,1.51
8432.00,1.50
8431.00,1.50
8430.00,1.49
8429.00,1.49
8428.00,1.49
8427.00,1.48
8426.00,1.47
8425.00,1.47
8424.00,1.46
8423.00,1.46
8422.00,1.45
8421.00,1.45
8420.00,1.44
8419.00,1.43
8418.00,1.43
8417.00,1.42
8416.00,1.42
8415.00,1.41
8414.00,1.41
8413.00,1.41
8412.00,1.40
8411.00,1.40
8410.00,1.40
8409.00,1.40
8408.00,1.40
8407.00,1.40
8406.00,1.40
8405.00,1.41
8404.00,1.41
8403.00,1.41
8402.00,1.42
8401.00,1.43
8400.00,1.43
8399.00,1.44
8398.00,1.45
8397.00,1.45
8396.00,1.46
8395.00,1.47
8394.00,1.47
8393.00,1.48
8392.00,1.48
8391.00,1.49
8390.00,1.49
8389.00,1.49
8388.00,1.49
8387.00,1.49
8386.00,1.49
8385.00,1.49
8384.00,1.48
8383.00,1.48
8382.00,1.47
8381.00,1.46
8380.00,1.45
8379.00,1.44
8378.00,1.43
8377.00,1.42
8376.00,1.41
8375.00,1.41
8374.00,1.40
8373.00,1.39
8372.00,1.38
8371.00,1.38
8370.00,1.37
8369.00,1.36
8368.00,1.36
8367.00,1.35
8366.00,1.35
8365.00,1.34
8364.00,1.34
8363.00,1.34
8362.00,1.34
8361.00,1.34
8360.00,1.34
8359.00,1.34
8358.00,1.34
8357.00,1.34
8356.00,1.34
8355.00,1.34
8354.00,1.34
8353.00,1.35
8352.00,1.35
8351.00,1.36
8350.00,1.37
8349.00,1.37
8348.00,1.38
8347.00,1.39
8346.00,1.39
8345.00,1.40
8344.00,1.41
8343.00,1.42
8342.00,1.42
8341.00,1.43
8340.00,1.44
8339.00,1.44
8338.00,1.45
8337.00,1.45
8336.00,1.45
8335.00,1.45
8334.00,1.45
8333.00,1.45
8332.00,1.45
8331.00,1.45
8330.00,1.45
8329.00,1.45
8328.00,1.44
8327.00,1.44
8326.00,1.44
8325.00,1.43
8324.00,1.43
8323.00,1.43
8322.00,1.42
8321.00,1.42
8320.00,1.42
8319.00,1.42
8318.00,1.42
8317.00,1.42
8316.00,1.42
8315.00,1.42
8314.00,1.42
8313.00,1.42
8312.00,1.43
8311.00,1.43
8310.00,1.43
8309.00,1.44
8308.00,1.44
8307.00,1.45
8306.00,1.45
8305.00,1.46
8304.00,1.46
8303.00,1.47
8302.00,1.47
8301.00,1.48
8300.00,1.48
8299.00,1.48
8298.00,1.48
8297.00,1.49
8296.00,1.49
8295.00,1.49
8294.00,1.49
8293.00,1.48
8292.00,1.48
8291.00,1.48
8290.00,1.47
8289.00,1.47
8288.00,1.46
8287.00,1.46
8286.00,1.45
8285.00,1.45
8284.00,1.44
8283.00,1.44
8282.00,1.44
8281.00,1.44
8280.00,1.43
8279.00,1.43
8278.00,1.43
8277.00,1.43
8276.00,1.43
8275.00,1.44
8274.00,1.44
8273.00,1.44
8272.00,1.45
8271.00,1.45
8270.00,1.45
8269.00,1.46
8268.00,1.46
8267.00,1.46
8266.00,1.47
8265.00,1.47
8264.00,1.47
8263.00,1.47
8262.00,1.47
8261.00,1.47
8260.00,1.48
8259.00,1.48
8258.00,1.48
8257.00,1.49
8256.00,1.49
8255.00,1.49
8254.00,1.49
8253.00,1.49
8252.00,1.49
8251.00,1.49
8250.00,1.48
8249.00,1.48
8248.00,1.48
8247.00,1.47
8246.00,1.47
8245.00,1.46
8244.00,1.46
8243.00,1.45
8242.00,1.44
8241.00,1.43
8240.00,1.43
8239.00,1.42
8238.00,1.42
8237.00,1.41
8236.00,1.41
8235.00,1.41
8234.00,1.41
8233.00,1.41
8232.00,1.41
8231.00,1.41
8230.00,1.41
8229.00,1.42
8228.00,1.42
8227.00,1.42
8226.00,1.43
8225.00,1.43
8224.00,1.43
8223.00,1.44
8222.00,1.44
8221.00,1.44
8220.00,1.44
8219.00,1.44
8218.00,1.45
8217.00,1.45
8216.00,1.45
8215.00,1.45
8214.00,1.45
8213.00,1.45
8212.00,1.45
8211.00,1.45
8210.00,1.46
8209.00,1.46
8208.00,1.46
8207.00,1.46
8206.00,1.47
8205.00,1.47
8204.00,1.47
8203.00,1.47
8202.00,1.47
8201.00,1.47
8200.00,1.48
8199.00,1.48
8198.00,1.48
8197.00,1.48
8196.00,1.48
8195.00,1.49
8194.00,1.49
8193.00,1.49
8192.00,1.49
8191.00,1.50
8190.00,1.50
8189.00,1.50
8188.00,1.50
8187.00,1.51
8186.00,1.51
8185.00,1.51
8184.00,1.51
8183.00,1.51
8182.00,1.51
8181.00,1.50
8180.00,1.50
8179.00,1.50
8178.00,1.49
8177.00,1.49
8176.00,1.48
8175.00,1.47
8174.00,1.47
8173.00,1.47
8172.00,1.46
8171.00,1.46
8170.00,1.46
8169.00,1.45
8168.00,1.45
8167.00,1.45
8166.00,1.45
8165.00,1.45
8164.00,1.46
8163.00,1.46
8162.00,1.46
8161.00,1.47
8160.00,1.48
8159.00,1.48
8158.00,1.49
8157.00,1.49
8156.00,1.50
8155.00,1.50
8154.00,1.51
8153.00,1.51
8152.00,1.52
8151.00,1.53
8150.00,1.53
8149.00,1.54
8148.00,1.55
8147.00,1.55
8146.00,1.56
8145.00,1.56
8144.00,1.57
8143.00,1.58
8142.00,1.58
8141.00,1.59
8140.00,1.59
8139.00,1.60
8138.00,1.60
8137.00,1.61
8136.00,1.61
8135.00,1.61
8134.00,1.61
8133.00,1.61
8132.00,1.61
8131.00,1.60
8130.00,1.60
8129.00,1.59
8128.00,1.59
8127.00,1.58
8126.00,1.58
8125.00,1.57
8124.00,1.56
8123.00,1.55
8122.00,1.54
8121.00,1.54
8120.00,1.53
8119.00,1.52
8118.00,1.52
8117.00,1.51
8116.00,1.51
8115.00,1.51
8114.00,1.50
8113.00,1.50
8112.00,1.50
8111.00,1.50
8110.00,1.49
8109.00,1.49
8108.00,1.49
8107.00,1.49
8106.00,1.49
8105.00,1.49
8104.00,1.49
8103.00,1.49
8102.00,1.49
8101.00,1.49
8100.00,1.49
8099.00,1.49
8098.00,1.48
8097.00,1.48
8096.00,1.48
8095.00,1.48
8094.00,1.48
8093.00,1.49
8092.00,1.49
8091.00,1.49
8090.00,1.49
8089.00,1.49
8088.00,1.50
8087.00,1.50
8086.00,1.50
8085.00,1.50
8084.00,1.50
8083.00,1.50
8082.00,1.51
8081.00,1.51
8080.00,1.51
8079.00,1.51
8078.00,1.51
8077.00,1.51
8076.00,1.51
8075.00,1.51
8074.00,1.51
8073.00,1.51
8072.00,1.50
8071.00,1.50
8070.00,1.50
8069.00,1.49
8068.00,1.49
8067.00,1.49
8066.00,1.48
8065.00,1.48
8064.00,1.48
8063.00,1.47
8062.00,1.47
8061.00,1.47
8060.00,1.47
8059.00,1.47
8058.00,1.47
8057.00,1.47
8056.00,1.47
8055.00,1.48
8054.00,1.48
8053.00,1.49
8052.00,1.49
8051.00,1.50
8050.00,1.50
8049.00,1.51
8048.00,1.52
8047.00,1.52
8046.00,1.53
8045.00,1.53
8044.00,1.53
8043.00,1.54
8042.00,1.54
8041.00,1.54
8040.00,1.54
8039.00,1.54
8038.00,1.54
8037.00,1.54
8036.00,1.54
8035.00,1.53
8034.00,1.53
8033.00,1.53
8032.00,1.53
8031.00,1.53
8030.00,1.53
8029.00,1.53
8028.00,1.53
8027.00,1.53
8026.00,1.53
8025.00,1.53
8024.00,1.53
8023.00,1.52
8022.00,1.52
8021.00,1.52
8020.00,1.52
8019.00,1.52
8018.00,1.52
8017.00,1.51
8016.00,1.51
8015.00,1.51
8014.00,1.50
8013.00,1.50
8012.00,1.49
8011.00,1.49
8010.00,1.48
8009.00,1.48
8008.00,1.47
8007.00,1.47
8006.00,1.47
8005.00,1.46
8004.00,1.46
8003.00,1.46
8002.00,1.46
8001.00,1.46
8000.00,1.46
7999.00,1.46
7998.00,1.46
7997.00,1.47
7996.00,1.47
7995.00,1.47
7994.00,1.48
7993.00,1.48
7992.00,1.48
7991.00,1.48
7990.00,1.49
7989.00,1.49
7988.00,1.49
7987.00,1.49
7986.00,1.50
7985.00,1.50
7984.00,1.50
7983.00,1.50
7982.00,1.50
7981.00,1.51
7980.00,1.51
7979.00,1.51
7978.00,1.51
7977.00,1.51
7976.00,1.51
7975.00,1.52
7974.00,1.52
7973.00,1.52
7972.00,1.52
7971.00,1.52
7970.00,1.53
7969.00,1.53
7968.00,1.53
7967.00,1.53
7966.00,1.53
7965.00,1.53
7964.00,1.53
7963.00,1.53
7962.00,1.53
7961.00,1.52
7960.00,1.52
7959.00,1.52
7958.00,1.52
7957.00,1.51
7956.00,1.51
7955.00,1.50
7954.00,1.50
7953.00,1.50
7952.00,1.50
7951.00,1.50
7950.00,1.49
7949.00,1.49
7948.00,1.49
7947.00,1.49
7946.00,1.49
7945.00,1.48
7944.00,1.48
7943.00,1.48
7942.00,1.48
7941.00,1.48
7940.00,1.48
7939.00,1.48
7938.00,1.48
7937.00,1.48
7936.00,1.48
7935.00,1.48
7934.00,1.48
7933.00,1.49
7932.00,1.49
7931.00,1.49
7930.00,1.50
7929.00,1.51
7928.00,1.51
7927.00,1.52
7926.00,1.52
7925.00,1.53
7924.00,1.53
7923.00,1.53
7922.00,1.53
7921.00,1.53
7920.00,1.53
7919.00,1.53
7918.00,1.53
7917.00,1.53
7916.00,1.53
7915.00,1.53
7914.00,1.53
7913.00,1.52
7912.00,1.52
7911.00,1.52
7910.00,1.52
7909.00,1.52
7908.00,1.52
7907.00,1.53
7906.00,1.53
7905.00,1.53
7904.00,1.54
7903.00,1.54
7902.00,1.54
7901.00,1.55
7900.00,1.55
7899.00,1.55
7898.00,1.56
7897.00,1.56
7896.00,1.56
7895.00,1.56
7894.00,1.56
7893.00,1.56
7892.00,1.56
7891.00,1.56
7890.00,1.56
7889.00,1.56
7888.00,1.56
7887.00,1.56
7886.00,1.56
7885.00,1.56
7884.00,1.56
7883.00,1.57
7882.00,1.57
7881.00,1.57
7880.00,1.57
7879.00,1.57
7878.00,1.57
7877.00,1.57
7876.00,1.57
7875.00,1.57
7874.00,1.57
7873.00,1.57
7872.00,1.56
7871.00,1.56
7870.00,1.56
7869.00,1.55
7868.00,1.55
7867.00,1.54
7866.00,1.54
7865.00,1.53
7864.00,1.53
7863.00,1.52
7862.00,1.51
7861.00,1.51
7860.00,1.50
7859.00,1.49
7858.00,1.49
7857.00,1.49
7856.00,1.49
7855.00,1.49
7854.00,1.49
7853.00,1.49
7852.00,1.49
7851.00,1.49
7850.00,1.49
7849.00,1.50
7848.00,1.50
7847.00,1.51
7846.00,1.51
7845.00,1.52
7844.00,1.52
7843.00,1.53
7842.00,1.53
7841.00,1.54
7840.00,1.54
7839.00,1.54
7838.00,1.54
7837.00,1.54
7836.00,1.54
7835.00,1.53
7834.00,1.53
7833.00,1.53
7832.00,1.53
7831.00,1.52
7830.00,1.52
7829.00,1.52
7828.00,1.51
7827.00,1.51
7826.00,1.50
7825.00,1.50
7824.00,1.49
7823.00,1.49
7822.00,1.49
7821.00,1.48
7820.00,1.48
7819.00,1.48
7818.00,1.47
7817.00,1.47
7816.00,1.47
7815.00,1.47
7814.00,1.47
7813.00,1.47
7812.00,1.47
7811.00,1.47
7810.00,1.47
7809.00,1.47
7808.00,1.47
7807.00,1.48
7806.00,1.48
7805.00,1.49
7804.00,1.49
7803.00,1.50
7802.00,1.50
7801.00,1.51
7800.00,1.51
7799.00,1.52
7798.00,1.52
7797.00,1.52
7796.00,1.53
7795.00,1.53
7794.00,1.54
7793.00,1.54
7792.00,1.54
7791.00,1.54
7790.00,1.55
7789.00,1.55
7788.00,1.55
7787.00,1.55
7786.00,1.55
7785.00,1.55
7784.00,1.55
7783.00,1.55
7782.00,1.55
7781.00,1.55
7780.00,1.54
7779.00,1.54
7778.00,1.54
7777.00,1.54
7776.00,1.54
7775.00,1.54
7774.00,1.54
7773.00,1.54
7772.00,1.54
7771.00,1.54
7770.00,1.55
7769.00,1.55
7768.00,1.55
7767.00,1.55
7766.00,1.55
7765.00,1.55
7764.00,1.55
7763.00,1.55
7762.00,1.56
7761.00,1.56
7760.00,1.56
7759.00,1.56
7758.00,1.56
7757.00,1.56
7756.00,1.56
7755.00,1.56
7754.00,1.56
7753.00,1.56
7752.00,1.55
7751.00,1.55
7750.00,1.55
7749.00,1.54
7748.00,1.54
7747.00,1.53
7746.00,1.53
7745.00,1.53
7744.00,1.52
7743.00,1.52
7742.00,1.51
7741.00,1.51
7740.00,1.51
7739.00,1.51
7738.00,1.50
7737.00,1.50
7736.00,1.50
7735.00,1.50
7734.00,1.50
7733.00,1.50
7732.00,1.51
7731.00,1.51
7730.00,1.51
7729.00,1.52
7728.00,1.52
7727.00,1.52
7726.00,1.52
7725.00,1.52
7724.00,1.52
7723.00,1.53
7722.00,1.53
7721.00,1.53
7720.00,1.53
7719.00,1.53
7718.00,1.53
7717.00,1.53
7716.00,1.53
7715.00,1.53
7714.00,1.53
7713.00,1.53
7712.00,1.53
7711.00,1.53
7710.00,1.52
7709.00,1.52
7708.00,1.52
7707.00,1.52
7706.00,1.52
7705.00,1.52
7704.00,1.52
7703.00,1.52
7702.00,1.52
7701.00,1.52
7700.00,1.53
7699.00,1.53
7698.00,1.53
7697.00,1.53
7696.00,1.53
7695.00,1.53
7694.00,1.53
7693.00,1.53
7692.00,1.53
7691.00,1.54
7690.00,1.54
7689.00,1.54
7688.00,1.54
7687.00,1.54
7686.00,1.55
7685.00,1.55
7684.00,1.55
7683.00,1.55
7682.00,1.55
7681.00,1.55
7680.00,1.56
7679.00,1.56
7678.00,1.56
7677.00,1.56
7676.00,1.56
7675.00,1.57
7674.00,1.57
7673.00,1.57
7672.00,1.57
7671.00,1.57
7670.00,1.57
7669.00,1.57
7668.00,1.57
7667.00,1.58
7666.00,1.58
7665.00,1.58
7664.00,1.58
7663.00,1.58
7662.00,1.58
7661.00,1.58
7660.00,1.58
7659.00,1.58
7658.00,1.58
7657.00,1.58
7656.00,1.57
7655.00,1.57
7654.00,1.57
7653.00,1.57
7652.00,1.57
7651.00,1.57
7650.00,1.57
7649.00,1.57
7648.00,1.57
7647.00,1.57
7646.00,1.57
7645.00,1.57
7644.00,1.58
7643.00,1.58
7642.00,1.58
7641.00,1.58
7640.00,1.59
7639.00,1.59
7638.00,1.59
7637.00,1.59
7636.00,1.59
7635.00,1.59
7634.00,1.59
7633.00,1.58
7632.00,1.58
7631.00,1.58
7630.00,1.57
7629.00,1.57
7628.00,1.56
7627.00,1.56
7626.00,1.55
7625.00,1.55
7624.00,1.54
7623.00,1.54
7622.00,1.54
7621.00,1.53
7620.00,1.53
7619.00,1.53
7618.00,1.53
7617.00,1.53
7616.00,1.53
7615.00,1.54
7614.00,1.54
7613.00,1.54
7612.00,1.54
7611.00,1.55
7610.00,1.55
7609.00,1.55
7608.00,1.55
7607.00,1.55
7606.00,1.56
7605.00,1.56
7604.00,1.56
7603.00,1.56
7602.00,1.56
7601.00,1.56
7600.00,1.56
7599.00,1.56
7598.00,1.56
7597.00,1.56
7596.00,1.56
7595.00,1.56
7594.00,1.56
7593.00,1.57
7592.00,1.57
7591.00,1.57
7590.00,1.57
7589.00,1.58
7588.00,1.58
7587.00,1.58
7586.00,1.58
7585.00,1.58
7584.00,1.58
7583.00,1.58
7582.00,1.58
7581.00,1.58
7580.00,1.58
7579.00,1.58
7578.00,1.58
7577.00,1.57
7576.00,1.57
7575.00,1.56
7574.00,1.56
7573.00,1.55
7572.00,1.55
7571.00,1.54
7570.00,1.54
7569.00,1.54
7568.00,1.53
7567.00,1.53
7566.00,1.53
7565.00,1.53
7564.00,1.53
7563.00,1.53
7562.00,1.53
7561.00,1.53
7560.00,1.54
7559.00,1.54
7558.00,1.54
7557.00,1.54
7556.00,1.54
7555.00,1.54
7554.00,1.54
7553.00,1.54
7552.00,1.54
7551.00,1.54
7550.00,1.54
7549.00,1.53
7548.00,1.53
7547.00,1.53
7546.00,1.52
7545.00,1.52
7544.00,1.52
7543.00,1.51
7542.00,1.51
7541.00,1.51
7540.00,1.51
7539.00,1.51
7538.00,1.51
7537.00,1.51
7536.00,1.51
7535.00,1.52
7534.00,1.52
7533.00,1.52
7532.00,1.52
7531.00,1.53
7530.00,1.53
7529.00,1.53
7528.00,1.53
7527.00,1.53
7526.00,1.53
7525.00,1.53
7524.00,1.54
7523.00,1.54
7522.00,1.54
7521.00,1.54
7520.00,1.54
7519.00,1.54
7518.00,1.54
7517.00,1.54
7516.00,1.54
7515.00,1.54
7514.00,1.54
7513.00,1.54
7512.00,1.54
7511.00,1.54
7510.00,1.54
7509.00,1.54
7508.00,1.54
7507.00,1.54
7506.00,1.54
7505.00,1.54
7504.00,1.54
7503.00,1.54
7502.00,1.54
7501.00,1.54
7500.00,1.53
7499.00,1.53
7498.00,1.53
7497.00,1.53
7496.00,1.53
7495.00,1.53
7494.00,1.53
7493.00,1.53
7492.00,1.53
7491.00,1.53
7490.00,1.53
7489.00,1.54
7488.00,1.54
7487.00,1.54
7486.00,1.54
7485.00,1.54
7484.00,1.55
7483.00,1.55
7482.00,1.55
7481.00,1.55
7480.00,1.55
7479.00,1.55
7478.00,1.55
7477.00,1.55
7476.00,1.55
7475.00,1.55
7474.00,1.55
7473.00,1.54
7472.00,1.54
7471.00,1.54
7470.00,1.54
7469.00,1.54
7468.00,1.54
7467.00,1.54
7466.00,1.53
7465.00,1.53
7464.00,1.54
7463.00,1.54
7462.00,1.54
7461.00,1.54
7460.00,1.54
7459.00,1.54
7458.00,1.54
7457.00,1.54
7456.00,1.54
7455.00,1.54
7454.00,1.54
7453.00,1.54
7452.00,1.54
7451.00,1.53
7450.00,1.53
7449.00,1.53
7448.00,1.52
7447.00,1.52
7446.00,1.51
7445.00,1.51
7444.00,1.51
7443.00,1.50
7442.00,1.50
7441.00,1.50
7440.00,1.49
7439.00,1.49
7438.00,1.49
7437.00,1.49
7436.00,1.49
7435.00,1.49
7434.00,1.49
7433.00,1.50
7432.00,1.50
7431.00,1.50
7430.00,1.50
7429.00,1.50
7428.00,1.50
7427.00,1.50
7426.00,1.50
7425.00,1.50
7424.00,1.50
7423.00,1.50
7422.00,1.50
7421.00,1.50
7420.00,1.49
7419.00,1.49
7418.00,1.49
7417.00,1.49
7416.00,1.49
7415.00,1.49
7414.00,1.49
7413.00,1.50
7412.00,1.50
7411.00,1.50
7410.00,1.50
7409.00,1.51
7408.00,1.51
7407.00,1.51
7406.00,1.51
7405.00,1.51
7404.00,1.51
7403.00,1.51
7402.00,1.51
7401.00,1.51
7400.00,1.51
7399.00,1.51
7398.00,1.51
7397.00,1.51
7396.00,1.51
7395.00,1.51
7394.00,1.51
7393.00,1.51
7392.00,1.51
7391.00,1.51
7390.00,1.51
7389.00,1.51
7388.00,1.51
7387.00,1.51
7386.00,1.51
7385.00,1.51
7384.00,1.51
7383.00,1.51
7382.00,1.51
7381.00,1.51
7380.00,1.51
7379.00,1.51
7378.00,1.51
7377.00,1.51
7376.00,1.51
7375.00,1.51
7374.00,1.51
7373.00,1.51
7372.00,1.50
7371.00,1.50
7370.00,1.50
7369.00,1.50
7368.00,1.50
7367.00,1.50
7366.00,1.50
7365.00,1.50
7364.00,1.50
7363.00,1.49
7362.00,1.49
7361.00,1.49
7360.00,1.48
7359.00,1.48
7358.00,1.48
7357.00,1.48
7356.00,1.47
7355.00,1.47
7354.00,1.47
7353.00,1.47
7352.00,1.46
7351.00,1.46
7350.00,1.46
7349.00,1.45
7348.00,1.45
7347.00,1.45
7346.00,1.45
7345.00,1.45
7344.00,1.45
7343.00,1.45
7342.00,1.46
7341.00,1.46
7340.00,1.46
7339.00,1.46
7338.00,1.47
7337.00,1.47
7336.00,1.48
7335.00,1.48
7334.00,1.49
7333.00,1.49
7332.00,1.49
7331.00,1.50
7330.00,1.50
7329.00,1.50
7328.00,1.51
7327.00,1.51
7326.00,1.51
7325.00,1.51
7324.00,1.51
7323.00,1.51
7322.00,1.52
7321.00,1.52
7320.00,1.52
7319.00,1.52
7318.00,1.52
7317.00,1.52
7316.00,1.52
7315.00,1.52
7314.00,1.52
7313.00,1.52
7312.00,1.53
7311.00,1.53
7310.00,1.54
7309.00,1.54
7308.00,1.54
7307.00,1.55
7306.00,1.55
7305.00,1.56
7304.00,1.56
7303.00,1.57
7302.00,1.57
7301.00,1.57
7300.00,1.58
7299.00,1.58
7298.00,1.59
7297.00,1.59
7296.00,1.59
7295.00,1.60
7294.00,1.60
7293.00,1.60
7292.00,1.59
7291.00,1.59
7290.00,1.59
7289.00,1.58
7288.00,1.58
7287.00,1.57
7286.00,1.57
7285.00,1.56
7284.00,1.55
7283.00,1.54
7282.00,1.54
7281.00,1.53
7280.00,1.52
7279.00,1.51
7278.00,1.50
7277.00,1.50
7276.00,1.49
7275.00,1.48
7274.00,1.48
7273.00,1.47
7272.00,1.47
7271.00,1.47
7270.00,1.46
7269.00,1.46
7268.00,1.46
7267.00,1.46
7266.00,1.46
7265.00,1.46
7264.00,1.46
7263.00,1.46
7262.00,1.46
7261.00,1.47
7260.00,1.47
7259.00,1.47
7258.00,1.47
7257.00,1.47
7256.00,1.47
7255.00,1.48
7254.00,1.48
7253.00,1.48
7252.00,1.48
7251.00,1.48
7250.00,1.48
7249.00,1.48
7248.00,1.48
7247.00,1.48
7246.00,1.48
7245.00,1.48
7244.00,1.48
7243.00,1.49
7242.00,1.49
7241.00,1.49
7240.00,1.49
7239.00,1.50
7238.00,1.50
7237.00,1.50
7236.00,1.50
7235.00,1.50
7234.00,1.50
7233.00,1.50
7232.00,1.50
7231.00,1.50
7230.00,1.50
7229.00,1.49
7228.00,1.49
7227.00,1.48
7226.00,1.47
7225.00,1.47
7224.00,1.46
7223.00,1.45
7222.00,1.45
7221.00,1.44
7220.00,1.43
7219.00,1.43
7218.00,1.42
7217.00,1.42
7216.00,1.41
7215.00,1.41
7214.00,1.41
7213.00,1.41
7212.00,1.41
7211.00,1.41
7210.00,1.41
7209.00,1.42
7208.00,1.42
7207.00,1.42
7206.00,1.42
7205.00,1.43
7204.00,1.43
7203.00,1.43
7202.00,1.43
7201.00,1.44
7200.00,1.44
7199.00,1.44
7198.00,1.44
7197.00,1.43
7196.00,1.43
7195.00,1.43
7194.00,1.43
7193.00,1.43
7192.00,1.42
7191.00,1.42
7190.00,1.42
7189.00,1.41
7188.00,1.41
7187.00,1.40
7186.00,1.40
7185.00,1.39
7184.00,1.39
7183.00,1.38
7182.00,1.38
7181.00,1.38
7180.00,1.37
7179.00,1.37
7178.00,1.37
7177.00,1.36
7176.00,1.36
7175.00,1.35
7174.00,1.35
7173.00,1.34
7172.00,1.34
7171.00,1.33
7170.00,1.33
7169.00,1.32
7168.00,1.32
7167.00,1.31
7166.00,1.30
7165.00,1.30
7164.00,1.29
7163.00,1.29
7162.00,1.28
7161.00,1.28
7160.00,1.28
7159.00,1.28
7158.00,1.27
7157.00,1.27
7156.00,1.27
7155.00,1.27
7154.00,1.28
7153.00,1.28
7152.00,1.28
7151.00,1.28
7150.00,1.28
7149.00,1.29
7148.00,1.29
7147.00,1.30
7146.00,1.30
7145.00,1.30
7144.00,1.30
7143.00,1.30
7142.00,1.30
7141.00,1.30
7140.00,1.30
7139.00,1.30
7138.00,1.30
7137.00,1.30
7136.00,1.30
7135.00,1.30
7134.00,1.30
7133.00,1.29
7132.00,1.29
7131.00,1.29
7130.00,1.29
7129.00,1.28
7128.00,1.28
7127.00,1.28
7126.00,1.28
7125.00,1.28
7124.00,1.28
7123.00,1.28
7122.00,1.28
7121.00,1.27
7120.00,1.27
7119.00,1.27
7118.00,1.27
7117.00,1.26
7116.00,1.26
7115.00,1.26
7114.00,1.25
7113.00,1.25
7112.00,1.24
7111.00,1.24
7110.00,1.23
7109.00,1.23
7108.00,1.23
7107.00,1.22
7106.00,1.22
7105.00,1.22
7104.00,1.22
7103.00,1.21
7102.00,1.21
7101.00,1.21
7100.00,1.21
7099.00,1.21
7098.00,1.21
7097.00,1.21
7096.00,1.21
7095.00,1.22
7094.00,1.22
7093.00,1.21
7092.00,1.21
7091.00,1.21
7090.00,1.21
7089.00,1.21
7088.00,1.20
7087.00,1.20
7086.00,1.20
7085.00,1.20
7084.00,1.19
7083.00,1.19
7082.00,1.19
7081.00,1.19
7080.00,1.19
7079.00,1.19
7078.00,1.19
7077.00,1.19
7076.00,1.18
7075.00,1.18
7074.00,1.18
7073.00,1.18
7072.00,1.18
7071.00,1.18
7070.00,1.18
7069.00,1.18
7068.00,1.18
7067.00,1.18
7066.00,1.18
7065.00,1.17
7064.00,1.17
7063.00,1.17
7062.00,1.17
7061.00,1.16
7060.00,1.16
7059.00,1.16
7058.00,1.16
7057.00,1.16
7056.00,1.16
7055.00,1.16
7054.00,1.16
7053.00,1.16
7052.00,1.16
7051.00,1.16
7050.00,1.16
7049.00,1.16
7048.00,1.16
7047.00,1.16
7046.00,1.16
7045.00,1.16
7044.00,1.16
7043.00,1.16
7042.00,1.15
7041.00,1.15
7040.00,1.15
7039.00,1.15
7038.00,1.14
7037.00,1.14
7036.00,1.14
7035.00,1.13
7034.00,1.13
7033.00,1.13
7032.00,1.13
7031.00,1.12
7030.00,1.12
7029.00,1.12
7028.00,1.12
7027.00,1.12
7026.00,1.12
7025.00,1.12
7024.00,1.12
7023.00,1.12
7022.00,1.12
7021.00,1.12
7020.00,1.12
7019.00,1.12
7018.00,1.12
7017.00,1.13
7016.00,1.13
7015.00,1.13
7014.00,1.13
7013.00,1.13
7012.00,1.13
7011.00,1.13
7010.00,1.13
7009.00,1.13
7008.00,1.13
7007.00,1.12
7006.00,1.12
7005.00,1.12
7004.00,1.12
7003.00,1.12
7002.00,1.11
7001.00,1.11
7000.00,1.11
6999.00,1.11
6998.00,1.11
6997.00,1.11
6996.00,1.11
6995.00,1.11
6994.00,1.11
6993.00,1.11
6992.00,1.12
6991.00,1.12
6990.00,1.12
6989.00,1.12
6988.00,1.13
6987.00,1.13
6986.00,1.13
6985.00,1.13
6984.00,1.13
6983.00,1.13
6982.00,1.13
6981.00,1.12
6980.00,1.12
6979.00,1.11
6978.00,1.11
6977.00,1.10
6976.00,1.10
6975.00,1.09
6974.00,1.09
6973.00,1.08
6972.00,1.08
6971.00,1.07
6970.00,1.07
6969.00,1.06
6968.00,1.06
6967.00,1.06
6966.00,1.06
6965.00,1.06
6964.00,1.06
6963.00,1.06
6962.00,1.07
6961.00,1.07
6960.00,1.07
6959.00,1.08
6958.00,1.08
6957.00,1.08
6956.00,1.09
6955.00,1.09
6954.00,1.10
6953.00,1.10
6952.00,1.10
6951.00,1.10
6950.00,1.11
6949.00,1.11
6948.00,1.11
6947.00,1.11
6946.00,1.11
6945.00,1.11
6944.00,1.10
6943.00,1.10
6942.00,1.10
6941.00,1.10
6940.00,1.10
6939.00,1.09
6938.00,1.09
6937.00,1.09
6936.00,1.08
6935.00,1.08
6934.00,1.07
6933.00,1.07
6932.00,1.06
6931.00,1.06
6930.00,1.05
6929.00,1.05
6928.00,1.05
6927.00,1.04
6926.00,1.04
6925.00,1.04
6924.00,1.04
6923.00,1.04
6922.00,1.04
6921.00,1.04
6920.00,1.04
6919.00,1.04
6918.00,1.04
6917.00,1.04
6916.00,1.05
6915.00,1.05
6914.00,1.05
6913.00,1.05
6912.00,1.06
6911.00,1.06
6910.00,1.06
6909.00,1.06
6908.00,1.06
6907.00,1.06
6906.00,1.06
6905.00,1.06
6904.00,1.06
6903.00,1.07
6902.00,1.07
6901.00,1.07
6900.00,1.07
6899.00,1.07
6898.00,1.07
6897.00,1.07
6896.00,1.07
6895.00,1.06
6894.00,1.06
6893.00,1.06
6892.00,1.06
6891.00,1.06
6890.00,1.06
6889.00,1.06
6888.00,1.06
6887.00,1.06
6886.00,1.05
6885.00,1.05
6884.00,1.05
6883.00,1.05
6882.00,1.04
6881.00,1.04
6880.00,1.04
6879.00,1.04
6878.00,1.04
6877.00,1.03
6876.00,1.03
6875.00,1.03
6874.00,1.03
6873.00,1.03
6872.00,1.03
6871.00,1.03
6870.00,1.03
6869.00,1.03
6868.00,1.03
6867.00,1.03
6866.00,1.03
6865.00,1.03
6864.00,1.03
6863.00,1.04
6862.00,1.04
6861.00,1.04
6860.00,1.04
6859.00,1.04
6858.00,1.04
6857.00,1.04
6856.00,1.04
6855.00,1.04
6854.00,1.04
6853.00,1.04
6852.00,1.04
6851.00,1.04
6850.00,1.04
6849.00,1.04
6848.00,1.05
6847.00,1.05
6846.00,1.05
6845.00,1.05
6844.00,1.05
6843.00,1.05
6842.00,1.06
6841.00,1.06
6840.00,1.06
6839.00,1.06
6838.00,1.06
6837.00,1.07
6836.00,1.07
6835.00,1.07
6834.00,1.07
6833.00,1.07
6832.00,1.07
6831.00,1.07
6830.00,1.07
6829.00,1.06
6828.00,1.06
6827.00,1.06
6826.00,1.06
6825.00,1.06
6824.00,1.06
6823.00,1.06
6822.00,1.06
6821.00,1.05
6820.00,1.05
6819.00,1.05
6818.00,1.05
6817.00,1.05
6816.00,1.05
6815.00,1.05
6814.00,1.05
6813.00,1.05
6812.00,1.05
6811.00,1.05
6810.00,1.05
6809.00,1.05
6808.00,1.05
6807.00,1.06
6806.00,1.06
6805.00,1.06
6804.00,1.06
6803.00,1.06
6802.00,1.06
6801.00,1.07
6800.00,1.07
6799.00,1.07
6798.00,1.08
6797.00,1.08
6796.00,1.09
6795.00,1.09
6794.00,1.10
6793.00,1.10
6792.00,1.10
6791.00,1.11
6790.00,1.11
6789.00,1.11
6788.00,1.11
6787.00,1.12
6786.00,1.12
6785.00,1.12
6784.00,1.12
6783.00,1.12
6782.00,1.12
6781.00,1.12
6780.00,1.11
6779.00,1.11
6778.00,1.11
6777.00,1.11
6776.00,1.11
6775.00,1.11
6774.00,1.11
6773.00,1.11
6772.00,1.11
6771.00,1.11
6770.00,1.11
6769.00,1.11
6768.00,1.11
6767.00,1.11
6766.00,1.12
6765.00,1.12
6764.00,1.12
6763.00,1.12
6762.00,1.13
6761.00,1.13
6760.00,1.13
6759.00,1.13
6758.00,1.13
6757.00,1.13
6756.00,1.13
6755.00,1.13
6754.00,1.12
6753.00,1.12
6752.00,1.12
6751.00,1.12
6750.00,1.11
6749.00,1.11
6748.00,1.11
6747.00,1.10
6746.00,1.10
6745.00,1.10
6744.00,1.10
6743.00,1.10
6742.00,1.10
6741.00,1.10
6740.00,1.10
6739.00,1.10
6738.00,1.11
6737.00,1.11
6736.00,1.11
6735.00,1.12
6734.00,1.12
6733.00,1.13
6732.00,1.13
6731.00,1.13
6730.00,1.14
6729.00,1.14
6728.00,1.14
6727.00,1.15
6726.00,1.15
6725.00,1.15
6724.00,1.15
6723.00,1.15
6722.00,1.15
6721.00,1.15
6720.00,1.15
6719.00,1.15
6718.00,1.15
6717.00,1.15
6716.00,1.15
6715.00,1.15
6714.00,1.15
6713.00,1.15
6712.00,1.15
6711.00,1.15
6710.00,1.16
6709.00,1.16
6708.00,1.16
6707.00,1.16
6706.00,1.16
6705.00,1.16
6704.00,1.16
6703.00,1.16
6702.00,1.16
6701.00,1.16
6700.00,1.16
6699.00,1.16
6698.00,1.16
6697.00,1.16
6696.00,1.16
6695.00,1.15
6694.00,1.15
6693.00,1.15
6692.00,1.15
6691.00,1.15
6690.00,1.15
6689.00,1.15
6688.00,1.15
6687.00,1.15
6686.00,1.15
6685.00,1.16
6684.00,1.16
6683.00,1.16
6682.00,1.16
6681.00,1.17
6680.00,1.17
6679.00,1.18
6678.00,1.18
6677.00,1.19
6676.00,1.19
6675.00,1.19
6674.00,1.20
6673.00,1.20
6672.00,1.20
6671.00,1.21
6670.00,1.21
6669.00,1.21
6668.00,1.21
6667.00,1.22
6666.00,1.22
6665.00,1.22
6664.00,1.22
6663.00,1.22
6662.00,1.22
6661.00,1.22
6660.00,1.22
6659.00,1.23
6658.00,1.23
6657.00,1.23
6656.00,1.23
6655.00,1.23
6654.00,1.23
6653.00,1.23
6652.00,1.23
6651.00,1.23
6650.00,1.23
6649.00,1.23
6648.00,1.23
6647.00,1.23
6646.00,1.23
6645.00,1.22
6644.00,1.22
6643.00,1.22
6642.00,1.22
6641.00,1.22
6640.00,1.21
6639.00,1.21
6638.00,1.21
6637.00,1.21
6636.00,1.20
6635.00,1.20
6634.00,1.20
6633.00,1.20
6632.00,1.21
6631.00,1.21
6630.00,1.21
6629.00,1.21
6628.00,1.22
6627.00,1.22
6626.00,1.22
6625.00,1.23
6624.00,1.23
6623.00,1.24
6622.00,1.24
6621.00,1.24
6620.00,1.25
6619.00,1.25
6618.00,1.25
6617.00,1.25
6616.00,1.25
6615.00,1.25
6614.00,1.25
6613.00,1.25
6612.00,1.25
6611.00,1.25
6610.00,1.25
6609.00,1.25
6608.00,1.24
6607.00,1.24
6606.00,1.24
6605.00,1.24
6604.00,1.24
6603.00,1.23
6602.00,1.23
6601.00,1.23
6600.00,1.23
6599.00,1.23
6598.00,1.23
6597.00,1.23
6596.00,1.23
6595.00,1.23
6594.00,1.23
6593.00,1.23
6592.00,1.23
6591.00,1.24
6590.00,1.24
6589.00,1.24
6588.00,1.24
6587.00,1.25
6586.00,1.25
6585.00,1.25
6584.00,1.26
6583.00,1.26
6582.00,1.26
6581.00,1.26
6580.00,1.27
6579.00,1.27
6578.00,1.27
6577.00,1.27
6576.00,1.27
6575.00,1.27
6574.00,1.27
6573.00,1.27
6572.00,1.27
6571.00,1.26
6570.00,1.26
6569.00,1.26
6568.00,1.25
6567.00,1.25
6566.00,1.25
6565.00,1.25
6564.00,1.24
6563.00,1.24
6562.00,1.24
6561.00,1.24
6560.00,1.24
6559.00,1.24
6558.00,1.24
6557.00,1.24
6556.00,1.24
6555.00,1.24
6554.00,1.24
6553.00,1.24
6552.00,1.24
6551.00,1.24
6550.00,1.24
6549.00,1.24
6548.00,1.25
6547.00,1.25
6546.00,1.25
6545.00,1.25
6544.00,1.26
6543.00,1.26
6542.00,1.27
6541.00,1.27
6540.00,1.27
6539.00,1.28
6538.00,1.28
6537.00,1.29
6536.00,1.29
6535.00,1.30
6534.00,1.30
6533.00,1.31
6532.00,1.31
6531.00,1.31
6530.00,1.31
6529.00,1.31
6528.00,1.32
6527.00,1.32
6526.00,1.32
6525.00,1.32
6524.00,1.32
6523.00,1.32
6522.00,1.31
6521.00,1.31
6520.00,1.31
6519.00,1.31
6518.00,1.31
6517.00,1.31
6516.00,1.30
6515.00,1.30
6514.00,1.30
6513.00,1.30
6512.00,1.30
6511.00,1.30
6510.00,1.30
6509.00,1.30
6508.00,1.30
6507.00,1.30
6506.00,1.30
6505.00,1.30
6504.00,1.30
6503.00,1.30
6502.00,1.30
6501.00,1.30
6500.00,1.30
6499.00,1.30
6498.00,1.30
6497.00,1.31
6496.00,1.31
6495.00,1.31
6494.00,1.31
6493.00,1.32
6492.00,1.32
6491.00,1.32
6490.00,1.33
6489.00,1.33
6488.00,1.34
6487.00,1.34
6486.00,1.34
6485.00,1.35
6484.00,1.35
6483.00,1.36
6482.00,1.36
6481.00,1.36
6480.00,1.37
6479.00,1.37
6478.00,1.37
6477.00,1.37
6476.00,1.37
6475.00,1.38
6474.00,1.38
6473.00,1.38
6472.00,1.38
6471.00,1.37
6470.00,1.37
6469.00,1.37
6468.00,1.37
6467.00,1.37
6466.00,1.37
6465.00,1.36
6464.00,1.36
6463.00,1.36
6462.00,1.36
6461.00,1.36
6460.00,1.36
6459.00,1.35
6458.00,1.35
6457.00,1.35
6456.00,1.35
6455.00,1.35
6454.00,1.35
6453.00,1.35
6452.00,1.35
6451.00,1.35
6450.00,1.35
6449.00,1.35
6448.00,1.35
6447.00,1.35
6446.00,1.35
6445.00,1.35
6444.00,1.36
6443.00,1.36
6442.00,1.36
6441.00,1.36
6440.00,1.37
6439.00,1.37
6438.00,1.37
6437.00,1.37
6436.00,1.37
6435.00,1.37
6434.00,1.37
6433.00,1.37
6432.00,1.37
6431.00,1.37
6430.00,1.37
6429.00,1.37
6428.00,1.37
6427.00,1.37
6426.00,1.37
6425.00,1.37
6424.00,1.36
6423.00,1.36
6422.00,1.36
6421.00,1.36
6420.00,1.36
6419.00,1.36
6418.00,1.36
6417.00,1.36
6416.00,1.36
6415.00,1.36
6414.00,1.36
6413.00,1.36
6412.00,1.36
6411.00,1.36
6410.00,1.36
6409.00,1.36
6408.00,1.36
6407.00,1.36
6406.00,1.36
6405.00,1.37
6404.00,1.37
6403.00,1.37
6402.00,1.37
6401.00,1.38
6400.00,1.38
6399.00,1.38
6398.00,1.38
6397.00,1.38
6396.00,1.38
6395.00,1.38
6394.00,1.38
6393.00,1.38
6392.00,1.38
6391.00,1.38
6390.00,1.38
6389.00,1.38
6388.00,1.38
6387.00,1.38
6386.00,1.38
6385.00,1.38
6384.00,1.38
6383.00,1.38
6382.00,1.39
6381.00,1.39
6380.00,1.39
6379.00,1.39
6378.00,1.40
6377.00,1.40
6376.00,1.40
6375.00,1.40
6374.00,1.40
6373.00,1.41
6372.00,1.41
6371.00,1.41
6370.00,1.41
6369.00,1.41
6368.00,1.41
6367.00,1.41
6366.00,1.41
6365.00,1.41
6364.00,1.41
6363.00,1.41
6362.00,1.41
6361.00,1.41
6360.00,1.41
6359.00,1.40
6358.00,1.40
6357.00,1.40
6356.00,1.40
6355.00,1.40
6354.00,1.40
6353.00,1.40
6352.00,1.40
6351.00,1.40
6350.00,1.40
6349.00,1.40
6348.00,1.41
6347.00,1.41
6346.00,1.41
6345.00,1.41
6344.00,1.42
6343.00,1.42
6342.00,1.42
6341.00,1.43
6340.00,1.43
6339.00,1.43
6338.00,1.44
6337.00,1.44
6336.00,1.44
6335.00,1.44
6334.00,1.44
6333.00,1.44
6332.00,1.44
6331.00,1.44
6330.00,1.43
6329.00,1.43
6328.00,1.43
6327.00,1.43
6326.00,1.42
6325.00,1.42
6324.00,1.42
6323.00,1.42
6322.00,1.41
6321.00,1.41
6320.00,1.41
6319.00,1.41
6318.00,1.41
6317.00,1.41
6316.00,1.41
6315.00,1.41
6314.00,1.41
6313.00,1.41
6312.00,1.41
6311.00,1.41
6310.00,1.41
6309.00,1.41
6308.00,1.41
6307.00,1.41
6306.00,1.41
6305.00,1.41
6304.00,1.41
6303.00,1.41
6302.00,1.41
6301.00,1.41
6300.00,1.41
6299.00,1.42
6298.00,1.42
6297.00,1.42
6296.00,1.42
6295.00,1.42
6294.00,1.43
6293.00,1.43
6292.00,1.43
6291.00,1.44
6290.00,1.44
6289.00,1.44
6288.00,1.45
6287.00,1.45
6286.00,1.45
6285.00,1.45
6284.00,1.45
6283.00,1.46
6282.00,1.46
6281.00,1.46
6280.00,1.46
6279.00,1.46
6278.00,1.46
6277.00,1.46
6276.00,1.47
6275.00,1.47
6274.00,1.47
6273.00,1.47
6272.00,1.47
6271.00,1.47
6270.00,1.47
6269.00,1.47
6268.00,1.47
6267.00,1.47
6266.00,1.47
6265.00,1.47
6264.00,1.47
6263.00,1.47
6262.00,1.47
6261.00,1.47
6260.00,1.47
6259.00,1.47
6258.00,1.47
6257.00,1.47
6256.00,1.47
6255.00,1.47
6254.00,1.47
6253.00,1.47
6252.00,1.47
6251.00,1.47
6250.00,1.48
6249.00,1.48
6248.00,1.48
6247.00,1.48
6246.00,1.48
6245.00,1.48
6244.00,1.48
6243.00,1.48
6242.00,1.48
6241.00,1.48
6240.00,1.48
6239.00,1.48
6238.00,1.48
6237.00,1.48
6236.00,1.48
6235.00,1.47
6234.00,1.47
6233.00,1.47
6232.00,1.47
6231.00,1.47
6230.00,1.47
6229.00,1.47
6228.00,1.47
6227.00,1.47
6226.00,1.47
6225.00,1.47
6224.00,1.47
6223.00,1.48
6222.00,1.48
6221.00,1.48
6220.00,1.49
6219.00,1.49
6218.00,1.50
6217.00,1.50
6216.00,1.50
6215.00,1.51
6214.00,1.51
6213.00,1.51
6212.00,1.51
6211.00,1.52
6210.00,1.52
6209.00,1.52
6208.00,1.52
6207.00,1.52
6206.00,1.52
6205.00,1.52
6204.00,1.51
6203.00,1.51
6202.00,1.51
6201.00,1.51
6200.00,1.50
6199.00,1.50
6198.00,1.50
6197.00,1.50
6196.00,1.50
6195.00,1.50
6194.00,1.49
6193.00,1.49
6192.00,1.49
6191.00,1.49
6190.00,1.49
6189.00,1.49
6188.00,1.49
6187.00,1.49
6186.00,1.49
6185.00,1.49
6184.00,1.49
6183.00,1.49
6182.00,1.49
6181.00,1.49
6180.00,1.49
6179.00,1.50
6178.00,1.50
6177.00,1.50
6176.00,1.50
6175.00,1.51
6174.00,1.51
6173.00,1.51
6172.00,1.52
6171.00,1.52
6170.00,1.52
6169.00,1.53
6168.00,1.53
6167.00,1.53
6166.00,1.54
6165.00,1.54
6164.00,1.54
6163.00,1.54
6162.00,1.54
6161.00,1.54
6160.00,1.54
6159.00,1.54
6158.00,1.54
6157.00,1.54
6156.00,1.54
6155.00,1.53
6154.00,1.53
6153.00,1.53
6152.00,1.53
6151.00,1.52
6150.00,1.52
6149.00,1.52
6148.00,1.52
6147.00,1.52
6146.00,1.52
6145.00,1.52
6144.00,1.52
6143.00,1.52
6142.00,1.52
6141.00,1.52
6140.00,1.52
6139.00,1.52
6138.00,1.53
6137.00,1.53
6136.00,1.53
6135.00,1.53
6134.00,1.53
6133.00,1.53
6132.00,1.53
6131.00,1.54
6130.00,1.54
6129.00,1.54
6128.00,1.54
6127.00,1.54
6126.00,1.55
6125.00,1.55
6124.00,1.55
6123.00,1.55
6122.00,1.55
6121.00,1.56
6120.00,1.56
6119.00,1.56
6118.00,1.56
6117.00,1.57
6116.00,1.57
6115.00,1.57
6114.00,1.57
6113.00,1.57
6112.00,1.57
6111.00,1.57
6110.00,1.57
6109.00,1.57
6108.00,1.56
6107.00,1.56
6106.00,1.56
6105.00,1.56
6104.00,1.56
6103.00,1.55
6102.00,1.55
6101.00,1.55
6100.00,1.55
6099.00,1.55
6098.00,1.54
6097.00,1.54
6096.00,1.54
6095.00,1.54
6094.00,1.54
6093.00,1.54
6092.00,1.55
6091.00,1.55
6090.00,1.55
6089.00,1.55
6088.00,1.55
6087.00,1.55
6086.00,1.55
6085.00,1.56
6084.00,1.56
6083.00,1.56
6082.00,1.56
6081.00,1.57
6080.00,1.57
6079.00,1.57
6078.00,1.57
6077.00,1.57
6076.00,1.58
6075.00,1.58
6074.00,1.58
6073.00,1.58
6072.00,1.58
6071.00,1.58
6070.00,1.58
6069.00,1.58
6068.00,1.58
6067.00,1.59
6066.00,1.59
6065.00,1.59
6064.00,1.59
6063.00,1.59
6062.00,1.59
6061.00,1.59
6060.00,1.58
6059.00,1.58
6058.00,1.58
6057.00,1.58
6056.00,1.58
6055.00,1.58
6054.00,1.58
6053.00,1.58
6052.00,1.58
6051.00,1.58
6050.00,1.58
6049.00,1.58
6048.00,1.58
6047.00,1.58
6046.00,1.58
6045.00,1.58
6044.00,1.58
6043.00,1.58
6042.00,1.58
6041.00,1.58
6040.00,1.58
6039.00,1.58
6038.00,1.58
6037.00,1.58
6036.00,1.58
6035.00,1.58
6034.00,1.57
6033.00,1.57
6032.00,1.57
6031.00,1.57
6030.00,1.57
6029.00,1.57
6028.00,1.57
6027.00,1.57
6026.00,1.57
6025.00,1.57
6024.00,1.56
6023.00,1.56
6022.00,1.56
6021.00,1.56
6020.00,1.56
6019.00,1.56
6018.00,1.57
6017.00,1.57
6016.00,1.57
6015.00,1.57
6014.00,1.57
6013.00,1.58
6012.00,1.58
6011.00,1.58
6010.00,1.59
6009.00,1.59
6008.00,1.59
6007.00,1.60
6006.00,1.60
6005.00,1.61
6004.00,1.61
6003.00,1.61
6002.00,1.62
6001.00,1.62
6000.00,1.62
5999.00,1.63
5998.00,1.63
5997.00,1.63
5996.00,1.63
5995.00,1.63
5994.00,1.63
5993.00,1.63
5992.00,1.62
5991.00,1.62
5990.00,1.62
5989.00,1.62
5988.00,1.61
5987.00,1.61
5986.00,1.60
5985.00,1.60
5984.00,1.59
5983.00,1.59
5982.00,1.58
5981.00,1.58
5980.00,1.57
5979.00,1.57
5978.00,1.56
5977.00,1.56
5976.00,1.56
5975.00,1.55
5974.00,1.55
5973.00,1.54
5972.00,1.54
5971.00,1.54
5970.00,1.54
5969.00,1.53
5968.00,1.53
5967.00,1.53
5966.00,1.53
5965.00,1.53
5964.00,1.53
5963.00,1.53
5962.00,1.53
5961.00,1.53
5960.00,1.53
5959.00,1.53
5958.00,1.53
5957.00,1.53
5956.00,1.54
5955.00,1.54
5954.00,1.54
5953.00,1.53
5952.00,1.53
5951.00,1.53
5950.00,1.53
5949.00,1.53
5948.00,1.53
5947.00,1.53
5946.00,1.53
5945.00,1.53
5944.00,1.53
5943.00,1.53
5942.00,1.53
5941.00,1.52
5940.00,1.52
5939.00,1.52
5938.00,1.52
5937.00,1.52
5936.00,1.52
5935.00,1.52
5934.00,1.52
5933.00,1.52
5932.00,1.51
5931.00,1.51
5930.00,1.51
5929.00,1.51
5928.00,1.50
5927.00,1.50
5926.00,1.50
5925.00,1.50
5924.00,1.49
5923.00,1.49
5922.00,1.49
5921.00,1.48
5920.00,1.48
5919.00,1.47
5918.00,1.47
5917.00,1.47
5916.00,1.46
5915.00,1.46
5914.00,1.46
5913.00,1.46
5912.00,1.45
5911.00,1.45
5910.00,1.45
5909.00,1.45
5908.00,1.45
5907.00,1.45
5906.00,1.45
5905.00,1.44
5904.00,1.44
5903.00,1.44
5902.00,1.44
5901.00,1.44
5900.00,1.45
5899.00,1.45
5898.00,1.45
5897.00,1.45
5896.00,1.45
5895.00,1.45
5894.00,1.46
5893.00,1.46
5892.00,1.46
5891.00,1.47
5890.00,1.47
5889.00,1.48
5888.00,1.48
5887.00,1.48
5886.00,1.49
5885.00,1.49
5884.00,1.49
5883.00,1.50
5882.00,1.50
5881.00,1.50
5880.00,1.50
5879.00,1.50
5878.00,1.51
5877.00,1.51
5876.00,1.51
5875.00,1.51
5874.00,1.51
5873.00,1.50
5872.00,1.50
5871.00,1.50
5870.00,1.50
5869.00,1.50
5868.00,1.50
5867.00,1.50
5866.00,1.50
5865.00,1.50
5864.00,1.50
5863.00,1.50
5862.00,1.50
5861.00,1.50
5860.00,1.50
5859.00,1.50
5858.00,1.50
5857.00,1.50
5856.00,1.50
5855.00,1.50
5854.00,1.50
5853.00,1.50
5852.00,1.50
5851.00,1.50
5850.00,1.50
5849.00,1.50
5848.00,1.50
5847.00,1.50
5846.00,1.50
5845.00,1.50
5844.00,1.50
5843.00,1.50
5842.00,1.50
5841.00,1.50
5840.00,1.50
5839.00,1.50
5838.00,1.50
5837.00,1.50
5836.00,1.50
5835.00,1.50
5834.00,1.50
5833.00,1.50
5832.00,1.50
5831.00,1.50
5830.00,1.51
5829.00,1.51
5828.00,1.51
5827.00,1.51
5826.00,1.51
5825.00,1.51
5824.00,1.51
5823.00,1.52
5822.00,1.52
5821.00,1.52
5820.00,1.52
5819.00,1.52
5818.00,1.52
5817.00,1.53
5816.00,1.53
5815.00,1.53
5814.00,1.53
5813.00,1.53
5812.00,1.53
5811.00,1.53
5810.00,1.53
5809.00,1.53
5808.00,1.53
5807.00,1.53
5806.00,1.53
5805.00,1.53
5804.00,1.53
5803.00,1.53
5802.00,1.53
5801.00,1.53
5800.00,1.53
5799.00,1.52
5798.00,1.52
5797.00,1.52
5796.00,1.52
5795.00,1.52
5794.00,1.52
5793.00,1.52
5792.00,1.51
5791.00,1.51
5790.00,1.51
5789.00,1.51
5788.00,1.51
5787.00,1.51
5786.00,1.51
5785.00,1.50
5784.00,1.50
5783.00,1.50
5782.00,1.50
5781.00,1.50
5780.00,1.50
5779.00,1.50
5778.00,1.50
5777.00,1.50
5776.00,1.50
5775.00,1.50
5774.00,1.50
5773.00,1.50
5772.00,1.50
5771.00,1.50
5770.00,1.51
5769.00,1.51
5768.00,1.51
5767.00,1.51
5766.00,1.51
5765.00,1.50
5764.00,1.50
5763.00,1.50
5762.00,1.50
5761.00,1.50
5760.00,1.50
5759.00,1.50
5758.00,1.50
5757.00,1.50
5756.00,1.50
5755.00,1.50
5754.00,1.50
5753.00,1.50
5752.00,1.50
5751.00,1.50
5750.00,1.50
5749.00,1.50
5748.00,1.50
5747.00,1.50
5746.00,1.50
5745.00,1.51
5744.00,1.51
5743.00,1.51
5742.00,1.51
5741.00,1.51
5740.00,1.52
5739.00,1.52
5738.00,1.52
5737.00,1.53
5736.00,1.53
5735.00,1.53
5734.00,1.53
5733.00,1.54
5732.00,1.54
5731.00,1.54
5730.00,1.54
5729.00,1.54
5728.00,1.54
5727.00,1.55
5726.00,1.55
5725.00,1.55
5724.00,1.55
5723.00,1.55
5722.00,1.55
5721.00,1.55
5720.00,1.54
5719.00,1.54
5718.00,1.54
5717.00,1.54
5716.00,1.54
5715.00,1.53
5714.00,1.53
5713.00,1.53
5712.00,1.52
5711.00,1.52
5710.00,1.52
5709.00,1.52
5708.00,1.51
5707.00,1.51
5706.00,1.51
5705.00,1.51
5704.00,1.51
5703.00,1.51
5702.00,1.51
5701.00,1.51
5700.00,1.51
5699.00,1.51
5698.00,1.51
5697.00,1.51
5696.00,1.51
5695.00,1.51
5694.00,1.51
5693.00,1.51
5692.00,1.52
5691.00,1.52
5690.00,1.52
5689.00,1.52
5688.00,1.52
5687.00,1.52
5686.00,1.52
5685.00,1.52
5684.00,1.52
5683.00,1.52
5682.00,1.52
5681.00,1.52
5680.00,1.52
5679.00,1.52
5678.00,1.51
5677.00,1.51
5676.00,1.51
5675.00,1.51
5674.00,1.51
5673.00,1.50
5672.00,1.50
5671.00,1.50
5670.00,1.50
5669.00,1.50
5668.00,1.50
5667.00,1.50
5666.00,1.50
5665.00,1.50
5664.00,1.50
5663.00,1.50
5662.00,1.50
5661.00,1.50
5660.00,1.50
5659.00,1.51
5658.00,1.51
5657.00,1.51
5656.00,1.51
5655.00,1.51
5654.00,1.52
5653.00,1.52
5652.00,1.52
5651.00,1.52
5650.00,1.52
5649.00,1.52
5648.00,1.52
5647.00,1.53
5646.00,1.53
5645.00,1.53
5644.00,1.53
5643.00,1.53
5642.00,1.53
5641.00,1.53
5640.00,1.53
5639.00,1.53
5638.00,1.53
5637.00,1.53
5636.00,1.53
5635.00,1.53
5634.00,1.53
5633.00,1.53
5632.00,1.53
5631.00,1.53
5630.00,1.53
5629.00,1.53
5628.00,1.53
5627.00,1.53
5626.00,1.53
5625.00,1.53
5624.00,1.53
5623.00,1.54
5622.00,1.54
5621.00,1.54
5620.00,1.54
5619.00,1.54
5618.00,1.54
5617.00,1.54
5616.00,1.54
5615.00,1.54
5614.00,1.54
5613.00,1.53
5612.00,1.53
5611.00,1.53
5610.00,1.53
5609.00,1.53
5608.00,1.53
5607.00,1.53
5606.00,1.53
5605.00,1.53
5604.00,1.53
5603.00,1.53
5602.00,1.53
5601.00,1.53
5600.00,1.53
5599.00,1.53
5598.00,1.53
5597.00,1.53
5596.00,1.53
5595.00,1.53
5594.00,1.53
5593.00,1.54
5592.00,1.54
5591.00,1.54
5590.00,1.54
5589.00,1.54
5588.00,1.54
5587.00,1.54
5586.00,1.54
5585.00,1.54
5584.00,1.54
5583.00,1.54
5582.00,1.55
5581.00,1.55
5580.00,1.55
5579.00,1.55
5578.00,1.55
5577.00,1.55
5576.00,1.55
5575.00,1.55
5574.00,1.55
5573.00,1.55
5572.00,1.55
5571.00,1.55
5570.00,1.55
5569.00,1.55
5568.00,1.55
5567.00,1.55
5566.00,1.55
5565.00,1.55
5564.00,1.55
5563.00,1.55
5562.00,1.56
5561.00,1.56
5560.00,1.56
5559.00,1.56
5558.00,1.56
5557.00,1.56
5556.00,1.57
5555.00,1.57
5554.00,1.57
5553.00,1.57
5552.00,1.57
5551.00,1.57
5550.00,1.58
5549.00,1.58
5548.00,1.58
5547.00,1.57
5546.00,1.57
5545.00,1.57
5544.00,1.57
5543.00,1.57
5542.00,1.56
5541.00,1.56
5540.00,1.56
5539.00,1.56
5538.00,1.55
5537.00,1.55
5536.00,1.55
5535.00,1.54
5534.00,1.54
5533.00,1.54
5532.00,1.54
5531.00,1.53
5530.00,1.53
5529.00,1.53
5528.00,1.53
5527.00,1.54
5526.00,1.54
5525.00,1.54
5524.00,1.54
5523.00,1.54
5522.00,1.54
5521.00,1.54
5520.00,1.55
5519.00,1.55
5518.00,1.55
5517.00,1.56
5516.00,1.56
5515.00,1.56
5514.00,1.57
5513.00,1.57
5512.00,1.57
5511.00,1.57
5510.00,1.58
5509.00,1.58
5508.00,1.59
5507.00,1.59
5506.00,1.59
5505.00,1.60
5504.00,1.60
5503.00,1.60
5502.00,1.60
5501.00,1.61
5500.00,1.61
5499.00,1.61
5498.00,1.61
5497.00,1.61
5496.00,1.61
5495.00,1.61
5494.00,1.61
5493.00,1.61
5492.00,1.61
5491.00,1.61
5490.00,1.61
5489.00,1.61
5488.00,1.61
5487.00,1.61
5486.00,1.61
5485.00,1.61
5484.00,1.61
5483.00,1.61
5482.00,1.61
5481.00,1.61
5480.00,1.61
5479.00,1.61
5478.00,1.61
5477.00,1.61
5476.00,1.61
5475.00,1.61
5474.00,1.61
5473.00,1.61
5472.00,1.61
5471.00,1.61
5470.00,1.61
5469.00,1.61
5468.00,1.60
5467.00,1.60
5466.00,1.60
5465.00,1.60
5464.00,1.60
5463.00,1.60
5462.00,1.60
5461.00,1.60
5460.00,1.60
5459.00,1.59
5458.00,1.59
5457.00,1.59
5456.00,1.59
5455.00,1.59
5454.00,1.59
5453.00,1.59
5452.00,1.59
5451.00,1.59
5450.00,1.59
5449.00,1.59
5448.00,1.59
5447.00,1.59
5446.00,1.59
5445.00,1.59
5444.00,1.59
5443.00,1.59
5442.00,1.59
5441.00,1.60
5440.00,1.60
5439.00,1.60
5438.00,1.60
5437.00,1.60
5436.00,1.60
5435.00,1.61
5434.00,1.61
5433.00,1.61
5432.00,1.61
5431.00,1.61
5430.00,1.61
5429.00,1.61
5428.00,1.61
5427.00,1.61
5426.00,1.61
5425.00,1.61
5424.00,1.61
5423.00,1.61
5422.00,1.61
5421.00,1.61
5420.00,1.61
5419.00,1.62
5418.00,1.62
5417.00,1.62
5416.00,1.62
5415.00,1.62
5414.00,1.62
5413.00,1.62
5412.00,1.63
5411.00,1.62
5410.00,1.62
5409.00,1.62
5408.00,1.62
5407.00,1.62
5406.00,1.62
5405.00,1.62
5404.00,1.62
5403.00,1.61
5402.00,1.61
5401.00,1.61
5400.00,1.60
5399.00,1.60
5398.00,1.60
5397.00,1.59
5396.00,1.59
5395.00,1.59
5394.00,1.59
5393.00,1.59
5392.00,1.59
5391.00,1.58
5390.00,1.58
5389.00,1.58
5388.00,1.58
5387.00,1.58
5386.00,1.58
5385.00,1.58
5384.00,1.58
5383.00,1.58
5382.00,1.59
5381.00,1.59
5380.00,1.58
5379.00,1.58
5378.00,1.58
5377.00,1.58
5376.00,1.58
5375.00,1.58
5374.00,1.57
5373.00,1.57
5372.00,1.57
5371.00,1.56
5370.00,1.56
5369.00,1.55
5368.00,1.55
5367.00,1.54
5366.00,1.54
5365.00,1.54
5364.00,1.53
5363.00,1.53
5362.00,1.53
5361.00,1.52
5360.00,1.52
5359.00,1.52
5358.00,1.52
5357.00,1.52
5356.00,1.52
5355.00,1.52
5354.00,1.52
5353.00,1.51
5352.00,1.51
5351.00,1.51
5350.00,1.51
5349.00,1.51
5348.00,1.51
5347.00,1.50
5346.00,1.50
5345.00,1.50
5344.00,1.49
5343.00,1.49
5342.00,1.48
5341.00,1.47
5340.00,1.47
5339.00,1.46
5338.00,1.45
5337.00,1.44
5336.00,1.43
5335.00,1.42
5334.00,1.42
5333.00,1.41
5332.00,1.40
5331.00,1.39
5330.00,1.38
5329.00,1.36
5328.00,1.35
5327.00,1.34
5326.00,1.33
5325.00,1.33
5324.00,1.32
5323.00,1.31
5322.00,1.30
5321.00,1.29
5320.00,1.28
5319.00,1.28
5318.00,1.27
5317.00,1.26
5316.00,1.25
5315.00,1.25
5314.00,1.24
5313.00,1.23
5312.00,1.22
5311.00,1.22
5310.00,1.21
5309.00,1.20
5308.00,1.19
5307.00,1.18
5306.00,1.17
5305.00,1.16
5304.00,1.15
5303.00,1.14
5302.00,1.13
5301.00,1.12
5300.00,1.10
5299.00,1.09
5298.00,1.08
5297.00,1.07
5296.00,1.06
5295.00,1.05
5294.00,1.04
5293.00,1.03
5292.00,1.02
5291.00,1.01
5290.00,1.00
5289.00,1.00
5288.00,0.99
5287.00,0.98
5286.00,0.98
5285.00,0.97
5284.00,0.97
5283.00,0.97
5282.00,0.96
5281.00,0.96
5280.00,0.96
5279.00,0.95
5278.00,0.95
5277.00,0.95
5276.00,0.95
5275.00,0.94
5274.00,0.94
5273.00,0.93
5272.00,0.93
5271.00,0.92
5270.00,0.92
5269.00,0.91
5268.00,0.91
5267.00,0.90
5266.00,0.90
5265.00,0.89
5264.00,0.89
5263.00,0.88
5262.00,0.88
5261.00,0.87
5260.00,0.87
5259.00,0.86
5258.00,0.86
5257.00,0.86
5256.00,0.85
5255.00,0.85
5254.00,0.85
5253.00,0.84
5252.00,0.84
5251.00,0.84
5250.00,0.84
5249.00,0.84
5248.00,0.84
5247.00,0.84
5246.00,0.83
5245.00,0.83
5244.00,0.83
5243.00,0.83
5242.00,0.82
5241.00,0.82
5240.00,0.82
5239.00,0.81
5238.00,0.81
5237.00,0.81
5236.00,0.80
5235.00,0.80
5234.00,0.79
5233.00,0.79
5232.00,0.79
5231.00,0.78
5230.00,0.78
5229.00,0.78
5228.00,0.77
5227.00,0.77
5226.00,0.77
5225.00,0.76
5224.00,0.76
5223.00,0.76
5222.00,0.76
5221.00,0.76
5220.00,0.76
5219.00,0.76
5218.00,0.75
5217.00,0.75
5216.00,0.75
5215.00,0.75
5214.00,0.75
5213.00,0.75
5212.00,0.74
5211.00,0.74
5210.00,0.74
5209.00,0.74
5208.00,0.73
5207.00,0.73
5206.00,0.73
5205.00,0.72
5204.00,0.72
5203.00,0.72
5202.00,0.72
5201.00,0.71
5200.00,0.71
5199.00,0.71
5198.00,0.71
5197.00,0.70
5196.00,0.70
5195.00,0.70
5194.00,0.70
5193.00,0.70
5192.00,0.70
5191.00,0.70
5190.00,0.70
5189.00,0.70
5188.00,0.71
5187.00,0.71
5186.00,0.71
5185.00,0.71
5184.00,0.71
5183.00,0.71
5182.00,0.72
5181.00,0.72
5180.00,0.72
5179.00,0.72
5178.00,0.72
5177.00,0.72
5176.00,0.72
5175.00,0.72
5174.00,0.72
5173.00,0.72
5172.00,0.72
5171.00,0.72
5170.00,0.72
5169.00,0.72
5168.00,0.72
5167.00,0.72
5166.00,0.72
5165.00,0.72
5164.00,0.72
5163.00,0.72
5162.00,0.72
5161.00,0.72
5160.00,0.72
5159.00,0.72
5158.00,0.72
5157.00,0.72
5156.00,0.72
5155.00,0.72
5154.00,0.72
5153.00,0.72
5152.00,0.72
5151.00,0.73
5150.00,0.73
5149.00,0.73
5148.00,0.73
5147.00,0.73
5146.00,0.73
5145.00,0.73
5144.00,0.73
5143.00,0.73
5142.00,0.73
5141.00,0.73
5140.00,0.73
5139.00,0.73
5138.00,0.73
5137.00,0.73
5136.00,0.73
5135.00,0.73
5134.00,0.73
5133.00,0.74
5132.00,0.74
5131.00,0.74
5130.00,0.74
5129.00,0.74
5128.00,0.75
5127.00,0.75
5126.00,0.75
5125.00,0.75
5124.00,0.75
5123.00,0.75
5122.00,0.76
5121.00,0.76
5120.00,0.76
5119.00,0.76
5118.00,0.76
5117.00,0.77
5116.00,0.77
5115.00,0.77
5114.00,0.77
5113.00,0.78
5112.00,0.78
5111.00,0.78
5110.00,0.78
5109.00,0.79
5108.00,0.79
5107.00,0.79
5106.00,0.79
5105.00,0.79
5104.00,0.80
5103.00,0.80
5102.00,0.80
5101.00,0.80
5100.00,0.80
5099.00,0.81
5098.00,0.81
5097.00,0.81
5096.00,0.81
5095.00,0.82
5094.00,0.82
5093.00,0.82
5092.00,0.82
5091.00,0.83
5090.00,0.83
5089.00,0.83
5088.00,0.84
5087.00,0.84
5086.00,0.84
5085.00,0.84
5084.00,0.85
5083.00,0.85
5082.00,0.85
5081.00,0.85
5080.00,0.85
5079.00,0.85
5078.00,0.85
5077.00,0.85
5076.00,0.85
5075.00,0.85
5074.00,0.85
5073.00,0.85
5072.00,0.85
5071.00,0.85
5070.00,0.85
5069.00,0.86
5068.00,0.86
5067.00,0.86
5066.00,0.86
5065.00,0.86
5064.00,0.87
5063.00,0.87
5062.00,0.87
5061.00,0.87
5060.00,0.88
5059.00,0.88
5058.00,0.88
5057.00,0.88
5056.00,0.88
5055.00,0.88
5054.00,0.89
5053.00,0.89
5052.00,0.89
5051.00,0.89
5050.00,0.89
5049.00,0.89
5048.00,0.89
5047.00,0.89
5046.00,0.89
5045.00,0.89
5044.00,0.89
5043.00,0.89
5042.00,0.89
5041.00,0.89
5040.00,0.90
5039.00,0.90
5038.00,0.90
5037.00,0.90
5036.00,0.91
5035.00,0.91
5034.00,0.91
5033.00,0.92
5032.00,0.92
5031.00,0.92
5030.00,0.93
5029.00,0.93
5028.00,0.94
5027.00,0.94
5026.00,0.94
5025.00,0.95
5024.00,0.95
5023.00,0.95
5022.00,0.96
5021.00,0.96
5020.00,0.96
5019.00,0.97
5018.00,0.97
5017.00,0.97
5016.00,0.98
5015.00,0.98
5014.00,0.98
5013.00,0.99
5012.00,0.99
5011.00,0.99
5010.00,1.00
5009.00,1.00
5008.00,1.00
5007.00,1.00
5006.00,1.01
5005.00,1.01
5004.00,1.01
5003.00,1.01
5002.00,1.02
5001.00,1.02
5000.00,1.02
4999.00,1.02
4998.00,1.02
4997.00,1.02
4996.00,1.03
4995.00,1.03
4994.00,1.03
4993.00,1.03
4992.00,1.03
4991.00,1.03
4990.00,1.03
4989.00,1.03
4988.00,1.03
4987.00,1.03
4986.00,1.03
4985.00,1.03
4984.00,1.03
4983.00,1.03
4982.00,1.03
4981.00,1.03
4980.00,1.03
4979.00,1.03
4978.00,1.03
4977.00,1.03
4976.00,1.03
4975.00,1.03
4974.00,1.04
4973.00,1.04
4972.00,1.04
4971.00,1.04
4970.00,1.04
4969.00,1.04
4968.00,1.05
4967.00,1.05
4966.00,1.05
4965.00,1.05
4964.00,1.06
4963.00,1.06
4962.00,1.06
4961.00,1.07
4960.00,1.07
4959.00,1.08
4958.00,1.08
4957.00,1.09
4956.00,1.09
4955.00,1.09
4954.00,1.10
4953.00,1.10
4952.00,1.11
4951.00,1.11
4950.00,1.11
4949.00,1.12
4948.00,1.12
4947.00,1.12
4946.00,1.12
4945.00,1.12
4944.00,1.12
4943.00,1.12
4942.00,1.12
4941.00,1.12
4940.00,1.12
4939.00,1.12
4938.00,1.13
4937.00,1.13
4936.00,1.13
4935.00,1.13
4934.00,1.13
4933.00,1.13
4932.00,1.14
4931.00,1.14
4930.00,1.14
4929.00,1.14
4928.00,1.14
4927.00,1.14
4926.00,1.15
4925.00,1.15
4924.00,1.15
4923.00,1.15
4922.00,1.16
4921.00,1.16
4920.00,1.16
4919.00,1.16
4918.00,1.16
4917.00,1.16
4916.00,1.16
4915.00,1.16
4914.00,1.17
4913.00,1.17
4912.00,1.17
4911.00,1.17
4910.00,1.17
4909.00,1.17
4908.00,1.17
4907.00,1.17
4906.00,1.17
4905.00,1.17
4904.00,1.18
4903.00,1.18
4902.00,1.18
4901.00,1.18
4900.00,1.18
4899.00,1.18
4898.00,1.18
4897.00,1.18
4896.00,1.18
4895.00,1.18
4894.00,1.18
4893.00,1.18
4892.00,1.18
4891.00,1.18
4890.00,1.18
4889.00,1.19
4888.00,1.19
4887.00,1.19
4886.00,1.19
4885.00,1.19
4884.00,1.19
4883.00,1.19
4882.00,1.19
4881.00,1.20
4880.00,1.20
4879.00,1.20
4878.00,1.20
4877.00,1.20
4876.00,1.20
4875.00,1.19
4874.00,1.19
4873.00,1.19
4872.00,1.19
4871.00,1.19
4870.00,1.19
4869.00,1.19
4868.00,1.19
4867.00,1.19
4866.00,1.19
4865.00,1.19
4864.00,1.19
4863.00,1.19
4862.00,1.20
4861.00,1.20
4860.00,1.20
4859.00,1.20
4858.00,1.21
4857.00,1.21
4856.00,1.21
4855.00,1.21
4854.00,1.22
4853.00,1.22
4852.00,1.22
4851.00,1.23
4850.00,1.23
4849.00,1.23
4848.00,1.23
4847.00,1.24
4846.00,1.24
4845.00,1.24
4844.00,1.24
4843.00,1.24
4842.00,1.24
4841.00,1.24
4840.00,1.24
4839.00,1.24
4838.00,1.24
4837.00,1.24
4836.00,1.24
4835.00,1.24
4834.00,1.24
4833.00,1.24
4832.00,1.23
4831.00,1.23
4830.00,1.23
4829.00,1.23
4828.00,1.23
4827.00,1.23
4826.00,1.23
4825.00,1.24
4824.00,1.24
4823.00,1.24
4822.00,1.24
4821.00,1.24
4820.00,1.25
4819.00,1.25
4818.00,1.25
4817.00,1.25
4816.00,1.26
4815.00,1.26
4814.00,1.26
4813.00,1.27
4812.00,1.27
4811.00,1.27
4810.00,1.27
4809.00,1.27
4808.00,1.28
4807.00,1.28
4806.00,1.28
4805.00,1.28
4804.00,1.28
4803.00,1.29
4802.00,1.29
4801.00,1.29
4800.00,1.29
4799.00,1.29
4798.00,1.29
4797.00,1.29
4796.00,1.29
4795.00,1.30
4794.00,1.30
4793.00,1.30
4792.00,1.30
4791.00,1.30
4790.00,1.30
4789.00,1.31
4788.00,1.31
4787.00,1.31
4786.00,1.32
4785.00,1.32
4784.00,1.33
4783.00,1.33
4782.00,1.34
4781.00,1.34
4780.00,1.35
4779.00,1.35
4778.00,1.36
4777.00,1.36
4776.00,1.37
4775.00,1.37
4774.00,1.37
4773.00,1.38
4772.00,1.38
4771.00,1.38
4770.00,1.38
4769.00,1.38
4768.00,1.39
4767.00,1.39
4766.00,1.39
4765.00,1.39
4764.00,1.39
4763.00,1.39
4762.00,1.39
4761.00,1.39
4760.00,1.39
4759.00,1.39
4758.00,1.39
4757.00,1.39
4756.00,1.40
4755.00,1.40
4754.00,1.40
4753.00,1.40
4752.00,1.40
4751.00,1.41
4750.00,1.41
4749.00,1.41
4748.00,1.41
4747.00,1.41
4746.00,1.41
4745.00,1.41
4744.00,1.41
4743.00,1.41
4742.00,1.42
4741.00,1.42
4740.00,1.42
4739.00,1.42
4738.00,1.42
4737.00,1.42
4736.00,1.43
4735.00,1.43
4734.00,1.43
4733.00,1.43
4732.00,1.44
4731.00,1.44
4730.00,1.44
4729.00,1.44
4728.00,1.44
4727.00,1.44
4726.00,1.45
4725.00,1.45
4724.00,1.45
4723.00,1.45
4722.00,1.45
4721.00,1.45
4720.00,1.45
4719.00,1.45
4718.00,1.45
4717.00,1.45
4716.00,1.45
4715.00,1.46
4714.00,1.46
4713.00,1.46
4712.00,1.46
4711.00,1.46
4710.00,1.46
4709.00,1.47
4708.00,1.47
4707.00,1.47
4706.00,1.47
4705.00,1.47
4704.00,1.47
4703.00,1.47
4702.00,1.48
4701.00,1.48
4700.00,1.48
4699.00,1.48
4698.00,1.48
4697.00,1.48
4696.00,1.48
4695.00,1.48
4694.00,1.48
4693.00,1.48
4692.00,1.48
4691.00,1.48
4690.00,1.48
4689.00,1.48
4688.00,1.48
4687.00,1.48
4686.00,1.49
4685.00,1.49
4684.00,1.49
4683.00,1.49
4682.00,1.50
4681.00,1.50
4680.00,1.50
4679.00,1.51
4678.00,1.51
4677.00,1.52
4676.00,1.52
4675.00,1.52
4674.00,1.52
4673.00,1.52
4672.00,1.52
4671.00,1.52
4670.00,1.52
4669.00,1.52
4668.00,1.52
4667.00,1.52
4666.00,1.52
4665.00,1.52
4664.00,1.52
4663.00,1.51
4662.00,1.51
4661.00,1.51
4660.00,1.51
4659.00,1.51
4658.00,1.51
4657.00,1.51
4656.00,1.51
4655.00,1.51
4654.00,1.51
4653.00,1.51
4652.00,1.52
4651.00,1.52
4650.00,1.52
4649.00,1.52
4648.00,1.52
4647.00,1.52
4646.00,1.52
4645.00,1.52
4644.00,1.52
4643.00,1.52
4642.00,1.52
4641.00,1.52
4640.00,1.52
4639.00,1.52
4638.00,1.52
4637.00,1.52
4636.00,1.52
4635.00,1.52
4634.00,1.52
4633.00,1.52
4632.00,1.52
4631.00,1.51
4630.00,1.51
4629.00,1.51
4628.00,1.51
4627.00,1.51
4626.00,1.51
4625.00,1.51
4624.00,1.51
4623.00,1.51
4622.00,1.51
4621.00,1.51
4620.00,1.52
4619.00,1.52
4618.00,1.52
4617.00,1.52
4616.00,1.52
4615.00,1.52
4614.00,1.53
4613.00,1.53
4612.00,1.53
4611.00,1.53
4610.00,1.53
4609.00,1.53
4608.00,1.53
4607.00,1.53
4606.00,1.54
4605.00,1.54
4604.00,1.54
4603.00,1.54
4602.00,1.54
4601.00,1.54
4600.00,1.55
4599.00,1.55
4598.00,1.55
4597.00,1.55
4596.00,1.55
4595.00,1.55
4594.00,1.55
4593.00,1.55
4592.00,1.55
4591.00,1.56
4590.00,1.56
4589.00,1.56
4588.00,1.56
4587.00,1.56
4586.00,1.56
4585.00,1.56
4584.00,1.56
4583.00,1.56
4582.00,1.56
4581.00,1.56
4580.00,1.56
4579.00,1.57
4578.00,1.57
4577.00,1.57
4576.00,1.57
4575.00,1.57
4574.00,1.57
4573.00,1.57
4572.00,1.57
4571.00,1.57
4570.00,1.57
4569.00,1.57
4568.00,1.57
4567.00,1.57
4566.00,1.57
4565.00,1.58
4564.00,1.58
4563.00,1.58
4562.00,1.58
4561.00,1.58
4560.00,1.59
4559.00,1.59
4558.00,1.59
4557.00,1.60
4556.00,1.60
4555.00,1.61
4554.00,1.61
4553.00,1.62
4552.00,1.62
4551.00,1.62
4550.00,1.63
4549.00,1.63
4548.00,1.63
4547.00,1.63
4546.00,1.63
4545.00,1.63
4544.00,1.63
4543.00,1.63
4542.00,1.62
4541.00,1.62
4540.00,1.62
4539.00,1.62
4538.00,1.62
4537.00,1.62
4536.00,1.62
4535.00,1.62
4534.00,1.62
4533.00,1.62
4532.00,1.62
4531.00,1.62
4530.00,1.62
4529.00,1.62
4528.00,1.62
4527.00,1.62
4526.00,1.62
4525.00,1.62
4524.00,1.62
4523.00,1.62
4522.00,1.62
4521.00,1.62
4520.00,1.62
4519.00,1.62
4518.00,1.62
4517.00,1.61
4516.00,1.61
4515.00,1.61
4514.00,1.61
4513.00,1.61
4512.00,1.60
4511.00,1.60
4510.00,1.60
4509.00,1.60
4508.00,1.60
4507.00,1.59
4506.00,1.59
4505.00,1.59
4504.00,1.60
4503.00,1.60
4502.00,1.60
4501.00,1.60
4500.00,1.60
4499.00,1.60
4498.00,1.61
4497.00,1.61
4496.00,1.61
4495.00,1.61
4494.00,1.61
4493.00,1.62
4492.00,1.62
4491.00,1.62
4490.00,1.62
4489.00,1.62
4488.00,1.62
4487.00,1.63
4486.00,1.63
4485.00,1.63
4484.00,1.63
4483.00,1.63
4482.00,1.63
4481.00,1.63
4480.00,1.63
4479.00,1.63
4478.00,1.63
4477.00,1.63
4476.00,1.63
4475.00,1.63
4474.00,1.63
4473.00,1.63
4472.00,1.63
4471.00,1.63
4470.00,1.63
4469.00,1.63
4468.00,1.63
4467.00,1.63
4466.00,1.63
4465.00,1.63
4464.00,1.63
4463.00,1.63
4462.00,1.63
4461.00,1.63
4460.00,1.63
4459.00,1.63
4458.00,1.62
4457.00,1.62
4456.00,1.61
4455.00,1.61
4454.00,1.60
4453.00,1.60
4452.00,1.59
4451.00,1.58
4450.00,1.57
4449.00,1.57
4448.00,1.56
4447.00,1.55
4446.00,1.54
4445.00,1.53
4444.00,1.52
4443.00,1.51
4442.00,1.50
4441.00,1.49
4440.00,1.48
4439.00,1.47
4438.00,1.47
4437.00,1.46
4436.00,1.45
4435.00,1.44
4434.00,1.44
4433.00,1.43
4432.00,1.42
4431.00,1.41
4430.00,1.41
4429.00,1.40
4428.00,1.39
4427.00,1.38
4426.00,1.38
4425.00,1.37
4424.00,1.36
4423.00,1.36
4422.00,1.35
4421.00,1.34
4420.00,1.34
4419.00,1.33
4418.00,1.33
4417.00,1.32
4416.00,1.32
4415.00,1.32
4414.00,1.32
4413.00,1.31
4412.00,1.31
4411.00,1.31
4410.00,1.31
4409.00,1.31
4408.00,1.31
4407.00,1.31
4406.00,1.31
4405.00,1.31
4404.00,1.31
4403.00,1.31
4402.00,1.31
4401.00,1.31
4400.00,1.31
4399.00,1.31
4398.00,1.32
4397.00,1.32
4396.00,1.32
4395.00,1.33
4394.00,1.34
4393.00,1.34
4392.00,1.35
4391.00,1.36
4390.00,1.37
4389.00,1.37
4388.00,1.38
4387.00,1.39
4386.00,1.40
4385.00,1.40
4384.00,1.41
4383.00,1.42
4382.00,1.42
4381.00,1.42
4380.00,1.43
4379.00,1.43
4378.00,1.43
4377.00,1.43
4376.00,1.42
4375.00,1.42
4374.00,1.42
4373.00,1.41
4372.00,1.41
4371.00,1.41
4370.00,1.40
4369.00,1.40
4368.00,1.39
4367.00,1.39
4366.00,1.38
4365.00,1.38
4364.00,1.38
4363.00,1.38
4362.00,1.38
4361.00,1.38
4360.00,1.38
4359.00,1.38
4358.00,1.38
4357.00,1.38
4356.00,1.38
4355.00,1.38
4354.00,1.38
4353.00,1.38
4352.00,1.38
4351.00,1.38
4350.00,1.38
4349.00,1.37
4348.00,1.37
4347.00,1.37
4346.00,1.37
4345.00,1.37
4344.00,1.37
4343.00,1.37
4342.00,1.37
4341.00,1.36
4340.00,1.36
4339.00,1.37
4338.00,1.37
4337.00,1.37
4336.00,1.37
4335.00,1.37
4334.00,1.38
4333.00,1.38
4332.00,1.39
4331.00,1.39
4330.00,1.40
4329.00,1.40
4328.00,1.41
4327.00,1.41
4326.00,1.42
4325.00,1.42
4324.00,1.43
4323.00,1.44
4322.00,1.44
4321.00,1.45
4320.00,1.45
4319.00,1.46
4318.00,1.47
4317.00,1.47
4316.00,1.48
4315.00,1.48
4314.00,1.49
4313.00,1.49
4312.00,1.50
4311.00,1.50
4310.00,1.51
4309.00,1.51
4308.00,1.52
4307.00,1.52
4306.00,1.52
4305.00,1.53
4304.00,1.53
4303.00,1.53
4302.00,1.53
4301.00,1.53
4300.00,1.53
4299.00,1.54
4298.00,1.54
4297.00,1.54
4296.00,1.54
4295.00,1.55
4294.00,1.55
4293.00,1.55
4292.00,1.55
4291.00,1.56
4290.00,1.56
4289.00,1.56
4288.00,1.56
4287.00,1.57
4286.00,1.57
4285.00,1.57
4284.00,1.57
4283.00,1.57
4282.00,1.57
4281.00,1.57
4280.00,1.57
4279.00,1.56
4278.00,1.56
4277.00,1.55
4276.00,1.55
4275.00,1.55
4274.00,1.54
4273.00,1.54
4272.00,1.53
4271.00,1.53
4270.00,1.53
4269.00,1.52
4268.00,1.52
4267.00,1.52
4266.00,1.52
4265.00,1.52
4264.00,1.52
4263.00,1.52
4262.00,1.52
4261.00,1.53
4260.00,1.53
4259.00,1.53
4258.00,1.53
4257.00,1.53
4256.00,1.53
4255.00,1.53
4254.00,1.54
4253.00,1.54
4252.00,1.54
4251.00,1.54
4250.00,1.54
4249.00,1.54
4248.00,1.54
4247.00,1.54
4246.00,1.54
4245.00,1.54
4244.00,1.54
4243.00,1.54
4242.00,1.54
4241.00,1.54
4240.00,1.54
4239.00,1.54
4238.00,1.54
4237.00,1.54
4236.00,1.54
4235.00,1.54
4234.00,1.54
4233.00,1.54
4232.00,1.54
4231.00,1.54
4230.00,1.54
4229.00,1.55
4228.00,1.55
4227.00,1.55
4226.00,1.55
4225.00,1.55
4224.00,1.55
4223.00,1.55
4222.00,1.56
4221.00,1.56
4220.00,1.56
4219.00,1.56
4218.00,1.56
4217.00,1.56
4216.00,1.57
4215.00,1.57
4214.00,1.57
4213.00,1.57
4212.00,1.57
4211.00,1.57
4210.00,1.57
4209.00,1.58
4208.00,1.58
4207.00,1.58
4206.00,1.59
4205.00,1.59
4204.00,1.59
4203.00,1.59
4202.00,1.60
4201.00,1.60
4200.00,1.60
4199.00,1.60
4198.00,1.60
4197.00,1.59
4196.00,1.59
4195.00,1.59
4194.00,1.59
4193.00,1.59
4192.00,1.58
4191.00,1.58
4190.00,1.58
4189.00,1.58
4188.00,1.58
4187.00,1.57
4186.00,1.57
4185.00,1.57
4184.00,1.57
4183.00,1.57
4182.00,1.57
4181.00,1.56
4180.00,1.56
4179.00,1.56
4178.00,1.56
4177.00,1.56
4176.00,1.56
4175.00,1.56
4174.00,1.56
4173.00,1.56
4172.00,1.56
4171.00,1.56
4170.00,1.55
4169.00,1.55
4168.00,1.55
4167.00,1.55
4166.00,1.55
4165.00,1.55
4164.00,1.55
4163.00,1.55
4162.00,1.55
4161.00,1.55
4160.00,1.56
4159.00,1.56
4158.00,1.56
4157.00,1.56
4156.00,1.56
4155.00,1.56
4154.00,1.56
4153.00,1.56
4152.00,1.56
4151.00,1.56
4150.00,1.56
4149.00,1.56
4148.00,1.56
4147.00,1.56
4146.00,1.56
4145.00,1.56
4144.00,1.56
4143.00,1.55
4142.00,1.55
4141.00,1.55
4140.00,1.55
4139.00,1.55
4138.00,1.54
4137.00,1.54
4136.00,1.54
4135.00,1.54
4134.00,1.53
4133.00,1.53
4132.00,1.52
4131.00,1.52
4130.00,1.51
4129.00,1.51
4128.00,1.50
4127.00,1.50
4126.00,1.50
4125.00,1.49
4124.00,1.49
4123.00,1.49
4122.00,1.49
4121.00,1.49
4120.00,1.49
4119.00,1.49
4118.00,1.50
4117.00,1.50
4116.00,1.50
4115.00,1.50
4114.00,1.50
4113.00,1.51
4112.00,1.51
4111.00,1.51
4110.00,1.51
4109.00,1.51
4108.00,1.51
4107.00,1.51
4106.00,1.50
4105.00,1.50
4104.00,1.50
4103.00,1.49
4102.00,1.49
4101.00,1.48
4100.00,1.48
4099.00,1.47
4098.00,1.47
4097.00,1.46
4096.00,1.46
4095.00,1.45
4094.00,1.45
4093.00,1.44
4092.00,1.44
4091.00,1.44
4090.00,1.44
4089.00,1.44
4088.00,1.44
4087.00,1.44
4086.00,1.44
4085.00,1.44
4084.00,1.45
4083.00,1.45
4082.00,1.45
4081.00,1.45
4080.00,1.45
4079.00,1.44
4078.00,1.44
4077.00,1.43
4076.00,1.43
4075.00,1.42
4074.00,1.41
4073.00,1.40
4072.00,1.38
4071.00,1.37
4070.00,1.36
4069.00,1.34
4068.00,1.33
4067.00,1.32
4066.00,1.31
4065.00,1.30
4064.00,1.29
4063.00,1.28
4062.00,1.28
4061.00,1.27
4060.00,1.27
4059.00,1.27
4058.00,1.27
4057.00,1.27
4056.00,1.28
4055.00,1.28
4054.00,1.29
4053.00,1.30
4052.00,1.31
4051.00,1.33
4050.00,1.34
4049.00,1.35
4048.00,1.37
4047.00,1.38
4046.00,1.40
4045.00,1.42
4044.00,1.43
4043.00,1.45
4042.00,1.47
4041.00,1.48
4040.00,1.50
4039.00,1.52
4038.00,1.53
4037.00,1.55
4036.00,1.56
4035.00,1.57
4034.00,1.57
4033.00,1.58
4032.00,1.59
4031.00,1.59
4030.00,1.60
4029.00,1.61
4028.00,1.61
4027.00,1.61
4026.00,1.61
4025.00,1.61
4024.00,1.61
4023.00,1.60
4022.00,1.60
4021.00,1.60
4020.00,1.59
4019.00,1.59
4018.00,1.59
4017.00,1.59
4016.00,1.59
4015.00,1.59
4014.00,1.58
4013.00,1.58
4012.00,1.58
4011.00,1.57
4010.00,1.58
4009.00,1.58
4008.00,1.58
4007.00,1.59
4006.00,1.59
4005.00,1.60
4004.00,1.61
4003.00,1.62
4002.00,1.63
4001.00,1.63
4000.00,1.64
